{"type":"FeatureCollection", "features": [
{"type":"Feature","geometry":{"type":"MultiPolygon","coordinates":[[[[140.865,42.0101],[140.8208,42.0363],[140.8039,42.0574],[140.8033,42.0737],[140.7739,42.0865],[140.7675,42.0981],[140.7603,42.1171],[140.7069,42.1391],[140.6904,42.127],[140.6597,42.1294],[140.6218,42.1173],[140.5792,42.1089],[140.5459,42.1154],[140.516,42.1293],[140.4968,42.149],[140.4631,42.1671],[140.457,42.1775],[140.4417,42.182],[140.3836,42.2241],[140.3405,42.2275],[140.307,42.2389],[140.2869,42.2532],[140.2765,42.2818],[140.2813,42.3365],[140.2951,42.3754],[140.3157,42.4199],[140.349,42.4732],[140.3718,42.5027],[140.4116,42.5435],[140.4596,42.5811],[140.4769,42.5891],[140.5104,42.5849],[140.5374,42.5882],[140.5836,42.5676],[140.6427,42.5865],[140.7009,42.5865],[140.7259,42.5725],[140.7565,42.5537],[140.777,42.5331],[140.7735,42.5211],[140.7824,42.5033],[140.8019,42.4994],[140.8389,42.4707],[140.8718,42.4609],[140.9001,42.4199],[140.9085,42.3802],[140.9173,42.3722],[140.9543,42.3608],[140.9512,42.3481],[140.931,42.3365],[140.9432,42.321],[140.9968,42.3017],[141.0186,42.3281],[141.0549,42.3529],[141.053,42.3581],[141.0929,42.3965],[141.1593,42.4423],[141.1898,42.4532],[141.208,42.4554],[141.282,42.5032],[141.3508,42.543],[141.4186,42.5751],[141.4968,42.604],[141.5373,42.6149],[141.6248,42.6311],[141.6729,42.6309],[141.7468,42.6229],[141.7996,42.6131],[141.7994,42.6029],[141.8108,42.6112],[141.8775,42.5873],[141.8996,42.5779],[141.9195,42.5573],[141.9352,42.5525],[141.9661,42.5285],[142.009,42.5055],[142.0293,42.4846],[142.0714,42.4783],[142.0758,42.4724],[142.1535,42.4638],[142.1958,42.4474],[142.2227,42.4233],[142.2716,42.3859],[142.2778,42.3772],[142.3349,42.3455],[142.4081,42.3095],[142.4465,42.3041],[142.478,42.2746],[142.5093,42.2672],[142.5408,42.2532],[142.5856,42.2435],[142.6498,42.2094],[142.6734,42.1919],[142.7226,42.1854],[142.7621,42.1747],[142.7735,42.1619],[142.8178,42.1415],[142.8645,42.1367],[142.9106,42.1326],[142.9649,42.1192],[143.0113,42.0814],[143.0683,42.0616],[143.097,42.0498],[143.1364,42.0266],[143.1602,41.9985],[143.1643,41.9831],[143.1978,41.9578],[143.2161,41.9518],[143.242,41.9264],[143.2468,41.9725],[143.2596,42.0032],[143.2948,42.0435],[143.3106,42.0483],[143.3089,42.0811],[143.3232,42.1177],[143.317,42.1218],[143.3247,42.1607],[143.3345,42.1797],[143.3357,42.2027],[143.3211,42.2099],[143.3084,42.2457],[143.3223,42.2857],[143.3227,42.3043],[143.3617,42.3736],[143.3891,42.4158],[143.4328,42.4757],[143.5251,42.5739],[143.5977,42.6415],[143.6318,42.6699],[143.6914,42.7135],[143.7638,42.7639],[143.87,42.843],[143.9196,42.8748],[144.0055,42.9208],[144.049,42.9416],[144.0915,42.9532],[144.1689,42.9847],[144.2291,42.9981],[144.3142,43.0057],[144.3413,42.9946],[144.3596,42.9997],[144.3718,42.9867],[144.3712,42.969],[144.4515,42.9445],[144.4865,42.9402],[144.5299,42.9519],[144.5534,42.9481],[144.6322,42.9515],[144.6761,42.9397],[144.7747,42.9336],[144.7227,42.9801],[144.7311,43.0016],[144.7468,43.0245],[144.7819,43.0542],[144.8221,43.0596],[144.8542,43.0497],[144.8358,43.0323],[144.8561,43.0019],[144.8845,42.9854],[144.9282,42.9908],[144.9619,42.9812],[144.9962,42.9944],[145.0241,42.9997],[145.0318,43.0297],[145.0877,43.0468],[145.0887,43.0672],[145.1182,43.0813],[145.1103,43.1036],[145.1151,43.1233],[145.1466,43.1453],[145.1715,43.151],[145.203,43.1367],[145.2264,43.1432],[145.2468,43.1584],[145.298,43.1733],[145.3268,43.1741],[145.3431,43.1795],[145.4061,43.1862],[145.5123,43.1902],[145.5489,43.2144],[145.5496,43.2279],[145.5668,43.2815],[145.5899,43.2783],[145.6097,43.2983],[145.6114,43.3113],[145.6465,43.3223],[145.6774,43.3204],[145.7085,43.3359],[145.7502,43.3373],[145.8038,43.3637],[145.8074,43.3887],[145.7852,43.3871],[145.7507,43.3943],[145.7214,43.3839],[145.6507,43.3914],[145.6378,43.3731],[145.5981,43.3557],[145.5872,43.3411],[145.5505,43.3172],[145.5234,43.3069],[145.5046,43.279],[145.4862,43.2725],[145.4081,43.2933],[145.3871,43.2949],[145.3718,43.3117],[145.3353,43.3353],[145.3086,43.3597],[145.2753,43.4097],[145.249,43.4947],[145.2468,43.522],[145.2151,43.5778],[145.2208,43.5865],[145.1995,43.6087],[145.1968,43.6251],[145.2464,43.6145],[145.2566,43.5983],[145.2803,43.5921],[145.3092,43.6001],[145.3157,43.5674],[145.3303,43.5518],[145.3504,43.5666],[145.3415,43.5865],[145.3259,43.597],[145.2464,43.6159],[145.1465,43.6465],[145.0927,43.7275],[145.0684,43.7532],[145.0605,43.7875],[145.0623,43.8075],[145.0842,43.8218],[145.0997,43.8615],[145.0954,43.8926],[145.1197,43.9249],[145.1309,43.9511],[145.1573,43.9843],[145.204,44.0277],[145.2234,44.0386],[145.2458,44.0693],[145.2416,44.0915],[145.2651,44.1391],[145.3077,44.1699],[145.3488,44.2245],[145.3492,44.2439],[145.3668,44.2592],[145.3498,44.2962],[145.3385,44.342],[145.3167,44.3355],[145.3043,44.3113],[145.2402,44.26],[145.192,44.1956],[145.161,44.1829],[145.0639,44.1247],[145.0399,44.108],[145.0105,44.0961],[144.9933,44.0698],[144.9366,44.0439],[144.9227,44.0177],[144.8782,43.9845],[144.8498,43.9746],[144.8354,43.9523],[144.8062,43.9428],[144.7953,43.932],[144.7109,43.9199],[144.6218,43.9179],[144.5549,43.9225],[144.4968,43.9289],[144.407,43.9451],[144.3639,43.9567],[144.3192,43.9729],[144.2558,44.0406],[144.2525,44.0625],[144.2578,44.0865],[144.2529,44.1045],[144.2143,44.1031],[144.1231,44.1167],[144.1001,44.1273],[144.077,44.1247],[143.9968,44.1356],[143.9004,44.154],[143.7853,44.1811],[143.7773,44.1848],[143.6522,44.2222],[143.5597,44.2533],[143.4968,44.2762],[143.4169,44.3088],[143.3718,44.3333],[143.3489,44.3715],[143.2768,44.4017],[143.2398,44.4199],[143.22,44.4403],[143.1012,44.4987],[142.9968,44.5579],[142.9539,44.6001],[142.8921,44.6537],[142.8718,44.663],[142.8428,44.6881],[142.8008,44.7133],[142.7732,44.7388],[142.7313,44.7689],[142.6804,44.8311],[142.66,44.8417],[142.6306,44.89],[142.5888,44.9199],[142.5803,44.9626],[142.5445,44.988],[142.5324,45.0259],[142.4998,45.0544],[142.4757,45.0681],[142.389,45.1375],[142.3456,45.1757],[142.2637,45.2467],[142.1696,45.3411],[142.0509,45.4033],[142.0357,45.4181],[142.0173,45.4554],[141.9968,45.4621],[141.9728,45.4814],[141.9603,45.5128],[141.9432,45.5225],[141.9131,45.5185],[141.8798,45.4956],[141.8792,45.4623],[141.8577,45.4348],[141.8323,45.4199],[141.796,45.4077],[141.7564,45.4085],[141.7296,45.399],[141.6796,45.4102],[141.6657,45.4371],[141.6457,45.4507],[141.6354,45.4204],[141.6379,45.3919],[141.658,45.3682],[141.6457,45.3365],[141.6175,45.3085],[141.6123,45.2775],[141.5716,45.2354],[141.5696,45.1993],[141.5791,45.1769],[141.5852,45.1605],[141.6641,45.0323],[141.7234,44.9199],[141.7381,44.8789],[141.7636,44.8088],[141.7783,44.7532],[141.7915,44.6699],[141.7925,44.6437],[141.7874,44.5865],[141.7679,44.5547],[141.7644,44.5032],[141.7572,44.4575],[141.7473,44.434],[141.7102,44.3923],[141.684,44.3485],[141.6745,44.3273],[141.6486,44.315],[141.6578,44.2395],[141.6567,44.21],[141.654,44.1559],[141.662,44.0865],[141.6619,44.0172],[141.6516,43.9947],[141.643,43.9565],[141.6315,43.9299],[141.6084,43.9039],[141.6001,43.8885],[141.562,43.8601],[141.5434,43.8548],[141.5215,43.8599],[141.4968,43.8388],[141.4574,43.8365],[141.3879,43.8072],[141.371,43.7789],[141.3379,43.7383],[141.3299,43.7146],[141.3493,43.6699],[141.3515,43.6449],[141.3653,43.6193],[141.3835,43.6048],[141.3862,43.5865],[141.3756,43.5578],[141.3622,43.5404],[141.3586,43.5195],[141.3731,43.495],[141.3978,43.4689],[141.4286,43.4199],[141.4317,43.3895],[141.4239,43.3289],[141.3531,43.2532],[141.2886,43.1981],[141.2328,43.1699],[141.1617,43.1449],[141.1007,43.1681],[141.0307,43.183],[141.0105,43.1948],[141.0167,43.2396],[140.9825,43.2399],[140.95,43.2282],[140.9271,43.2279],[140.914,43.2117],[140.8953,43.2117],[140.8449,43.2013],[140.7921,43.1954],[140.7763,43.2041],[140.777,43.2258],[140.7587,43.2271],[140.7184,43.2505],[140.7007,43.2515],[140.6411,43.267],[140.6304,43.2956],[140.6069,43.2967],[140.5805,43.3113],[140.5068,43.3683],[140.4662,43.374],[140.4604,43.346],[140.4248,43.3297],[140.4062,43.3361],[140.3792,43.3305],[140.36,43.3157],[140.3454,43.2837],[140.3369,43.2827],[140.3333,43.2445],[140.326,43.2217],[140.3607,43.1807],[140.4248,43.1437],[140.4456,43.1195],[140.4646,43.0865],[140.4868,43.0755],[140.512,43.0342],[140.529,43.0288],[140.5224,42.9917],[140.4154,42.941],[140.3812,42.9065],[140.3589,42.8784],[140.344,42.8562],[140.3057,42.8288],[140.3094,42.7987],[140.3055,42.7787],[140.2809,42.7701],[140.2468,42.7688],[140.2376,42.7939],[140.2049,42.8104],[140.1865,42.8257],[140.1736,42.8073],[140.1608,42.7945],[140.142,42.7532],[140.0715,42.7262],[140.0649,42.707],[140.046,42.6947],[140.003,42.6873],[139.9889,42.6927],[139.9257,42.689],[139.8723,42.6663],[139.8421,42.6266],[139.8234,42.6138],[139.8236,42.5951],[139.8386,42.5423],[139.8468,42.5274],[139.843,42.4995],[139.8524,42.463],[139.8417,42.4199],[139.8292,42.3935],[139.8002,42.3605],[139.7818,42.3539],[139.7668,42.3112],[139.7857,42.2741],[139.7753,42.2619],[139.7969,42.2316],[139.8812,42.2076],[139.8818,42.1932],[139.922,42.1361],[139.9378,42.1311],[139.9902,42.1289],[140.026,42.1133],[140.0539,42.0865],[140.071,42.0607],[140.0999,42.029],[140.1055,42.007],[140.1198,42.0043],[140.1329,41.9531],[140.1405,41.9223],[140.1265,41.8559],[140.1233,41.8259],[140.1126,41.8083],[140.0756,41.8081],[140.0725,41.7735],[140.062,41.7532],[140.009,41.6916],[139.9938,41.6309],[139.9839,41.6065],[139.9882,41.5513],[140.0172,41.4986],[140.0285,41.4624],[140.0771,41.4246],[140.1307,41.431],[140.1453,41.4291],[140.1845,41.4024],[140.2052,41.4054],[140.2163,41.4113],[140.2593,41.4817],[140.3096,41.4942],[140.3646,41.516],[140.409,41.5173],[140.4391,41.5547],[140.4293,41.5865],[140.4349,41.6597],[140.445,41.6855],[140.4583,41.6964],[140.5269,41.701],[140.5559,41.7234],[140.6021,41.7432],[140.6263,41.8091],[140.6643,41.823],[140.69,41.8205],[140.71,41.8093],[140.7275,41.7889],[140.7242,41.7721],[140.7026,41.7763],[140.6929,41.7637],[140.7019,41.7414],[140.7179,41.7457],[140.7337,41.7673],[140.7747,41.7753],[140.8374,41.7601],[140.8569,41.7605],[140.9307,41.7375],[140.9513,41.7174],[140.9678,41.7109],[141.0164,41.7229],[141.0308,41.7195],[141.0747,41.7427],[141.0834,41.7604],[141.1125,41.7869],[141.1579,41.7858],[141.1864,41.8025],[141.1843,41.8167],[141.1471,41.8322],[141.1482,41.8554],[141.1094,41.8746],[141.0437,41.8941],[141.0118,41.8943],[140.9588,41.918],[140.9496,41.9342],[140.914,41.9712],[140.9081,41.9846],[140.865,42.0101]]],[[[146.3577,43.6187],[146.3508,43.6407],[146.3158,43.6512],[146.2974,43.6311],[146.3084,43.621],[146.3577,43.6187]]],[[[146.1164,43.4587],[146.1769,43.4793],[146.1909,43.4909],[146.186,43.5159],[146.2082,43.5342],[146.1577,43.5371],[146.1415,43.5491],[146.0795,43.5331],[146.0739,43.5218],[146.1067,43.4915],[146.1164,43.4587]]],[[[145.8982,43.4169],[145.9308,43.4229],[145.9342,43.4473],[145.9004,43.4487],[145.8982,43.4169]]],[[[146.0437,43.4027],[146.0564,43.4149],[146.0446,43.4311],[146.0258,43.409],[146.0437,43.4027]]],[[[139.3408,41.4957],[139.3757,41.5032],[139.3741,41.524],[139.3408,41.5258],[139.3408,41.4957]]],[[[139.4503,42.0521],[139.4521,42.0644],[139.4817,42.0731],[139.5036,42.0966],[139.5197,42.139],[139.5173,42.177],[139.5459,42.2045],[139.5607,42.2289],[139.5355,42.2339],[139.4346,42.215],[139.4068,42.1784],[139.4059,42.1647],[139.4232,42.1364],[139.4191,42.1126],[139.4258,42.0905],[139.4221,42.0718],[139.4444,42.0642],[139.4503,42.0521]]],[[[141.2948,44.4138],[141.3208,44.417],[141.3359,44.4319],[141.3274,44.4435],[141.293,44.4199],[141.2948,44.4138]]],[[[141.0317,45.2746],[141.0466,45.2807],[141.0457,45.3002],[141.0572,45.3183],[141.0503,45.3421],[141.0599,45.3549],[141.0569,45.4075],[141.0677,45.424],[141.0517,45.4494],[140.994,45.4275],[140.9835,45.3843],[140.9968,45.36],[141.0067,45.3252],[141.0236,45.3101],[141.0317,45.2746]]],[[[141.2467,45.1017],[141.2878,45.1119],[141.295,45.1254],[141.3305,45.152],[141.3181,45.1985],[141.2946,45.2217],[141.2524,45.2363],[141.2351,45.2347],[141.1989,45.2602],[141.1497,45.2255],[141.1335,45.2135],[141.1431,45.1949],[141.1418,45.1634],[141.168,45.1373],[141.2062,45.1142],[141.2467,45.1017]]],[[[146.6455,43.7027],[146.6762,43.7082],[146.6912,43.7431],[146.7269,43.7347],[146.7367,43.7487],[146.7607,43.7498],[146.7886,43.7809],[146.808,43.7812],[146.8439,43.81],[146.8821,43.815],[146.8992,43.8067],[146.9212,43.8386],[146.8947,43.8484],[146.845,43.8898],[146.7738,43.8759],[146.7266,43.8473],[146.7222,43.8333],[146.6811,43.8267],[146.6663,43.8293],[146.6098,43.8175],[146.585,43.8021],[146.6048,43.7645],[146.5864,43.7443],[146.6128,43.7354],[146.6464,43.7138],[146.6455,43.7027]]],[[[145.8913,44.0939],[145.9095,44.1239],[145.9478,44.1538],[145.966,44.1534],[145.9891,44.1728],[146.0237,44.1771],[146.0449,44.1909],[146.0693,44.2347],[146.1156,44.2652],[146.1467,44.2653],[146.1687,44.2723],[146.2468,44.2709],[146.2995,44.2778],[146.3063,44.2899],[146.3678,44.3193],[146.3684,44.3365],[146.3811,44.3527],[146.4345,44.3767],[146.4506,44.3783],[146.4908,44.3545],[146.5348,44.3804],[146.5537,44.4302],[146.5294,44.4319],[146.4619,44.4202],[146.4057,44.4229],[146.3332,44.4189],[146.3149,44.4293],[146.2809,44.4351],[146.25,44.4467],[146.226,44.4831],[146.196,44.4945],[146.1863,44.5069],[146.1583,44.5127],[146.129,44.5091],[146.0803,44.4723],[146.0528,44.4199],[146.0073,44.3817],[146.011,44.3715],[145.9924,44.3247],[145.9442,44.2791],[145.9358,44.2788],[145.8845,44.2463],[145.8615,44.2218],[145.8542,44.202],[145.832,44.1784],[145.7904,44.1507],[145.7437,44.1038],[145.7473,44.0647],[145.7429,44.0537],[145.7169,44.0386],[145.6814,44.0265],[145.6743,44.0116],[145.6461,43.9936],[145.5977,43.9727],[145.5901,43.9532],[145.561,43.9453],[145.5348,43.9235],[145.4841,43.9043],[145.4657,43.8909],[145.4384,43.8499],[145.4069,43.8421],[145.4269,43.7741],[145.4188,43.7532],[145.4243,43.733],[145.4471,43.725],[145.5258,43.7353],[145.5498,43.7249],[145.5362,43.6759],[145.5532,43.6673],[145.5609,43.719],[145.5733,43.7774],[145.5714,43.8056],[145.5771,43.8455],[145.5933,43.8707],[145.6056,43.8689],[145.6411,43.9036],[145.6648,43.9109],[145.7184,43.9124],[145.7797,43.9361],[145.7902,43.9489],[145.7908,43.9791],[145.8114,44.0139],[145.8278,44.0294],[145.8551,44.0306],[145.8718,44.0707],[145.8913,44.0939]]],[[[148.051,45.0671],[148.0907,45.1065],[148.1686,45.1469],[148.1964,45.1496],[148.2163,45.1699],[148.273,45.1971],[148.3046,45.2165],[148.3287,45.2235],[148.3676,45.2257],[148.4058,45.2351],[148.4388,45.2525],[148.4589,45.2502],[148.5012,45.2721],[148.5664,45.3107],[148.6402,45.3349],[148.7522,45.3365],[148.7813,45.3245],[148.8482,45.3456],[148.8428,45.3523],[148.8739,45.3821],[148.8773,45.3929],[148.8553,45.4199],[148.8317,45.4277],[148.8367,45.4624],[148.8883,45.4843],[148.8954,45.5131],[148.8557,45.5423],[148.7852,45.5573],[148.6842,45.5384],[148.6536,45.5375],[148.6397,45.5083],[148.6111,45.4935],[148.5775,45.4883],[148.551,45.458],[148.5191,45.4454],[148.5106,45.4309],[148.4876,45.4199],[148.4723,45.3978],[148.4766,45.3802],[148.4594,45.3765],[148.4442,45.3532],[148.4259,45.3482],[148.4092,45.3293],[148.3718,45.3163],[148.3427,45.2995],[148.3427,45.2912],[148.2667,45.2721],[148.1758,45.2601],[148.1194,45.2576],[148.07,45.2609],[148.0311,45.2723],[147.9975,45.325],[148.006,45.3346],[147.9871,45.3521],[147.9668,45.3961],[147.9638,45.4182],[147.9252,45.4379],[147.8734,45.3985],[147.8512,45.3649],[147.8591,45.3177],[147.8734,45.2962],[147.8687,45.2639],[147.8852,45.26],[147.8718,45.2257],[147.8401,45.2083],[147.8272,45.2185],[147.7702,45.2009],[147.7396,45.1955],[147.7244,45.1741],[147.7062,45.1687],[147.6938,45.1435],[147.699,45.1053],[147.6902,45.0947],[147.6362,45.0765],[147.5867,45.0857],[147.5703,45.107],[147.5371,45.1063],[147.5212,45.0416],[147.5131,45.0326],[147.518,44.9986],[147.4853,44.99],[147.3978,44.9211],[147.3762,44.9089],[147.2671,44.8681],[147.2468,44.8127],[147.2027,44.7979],[147.1704,44.8191],[147.1308,44.8304],[147.1014,44.8129],[147.1166,44.7793],[147.1424,44.7689],[147.1933,44.7648],[147.2004,44.7392],[147.1817,44.6894],[147.1629,44.6805],[147.1255,44.6495],[147.0789,44.638],[147.0609,44.6563],[147.0282,44.6628],[147.0039,44.6555],[147.0334,44.6382],[147.0259,44.5991],[146.9968,44.5787],[146.9652,44.5935],[146.9546,44.62],[146.9342,44.6102],[146.9334,44.5885],[146.9547,44.5536],[146.9256,44.5261],[146.8915,44.518],[146.8723,44.4955],[146.861,44.4667],[146.8718,44.4413],[146.9144,44.4307],[146.9527,44.4265],[146.9888,44.4518],[146.9968,44.4725],[147.0297,44.5191],[147.0812,44.5597],[147.1061,44.5695],[147.1446,44.5592],[147.1906,44.5699],[147.2216,44.5817],[147.2608,44.6144],[147.2672,44.6387],[147.3015,44.6699],[147.3365,44.7155],[147.37,44.7234],[147.3875,44.7464],[147.4409,44.7729],[147.4889,44.782],[147.4991,44.801],[147.5156,44.8119],[147.5524,44.817],[147.5985,44.8547],[147.6023,44.8677],[147.6342,44.908],[147.6529,44.9199],[147.6139,44.9403],[147.6259,44.9718],[147.6461,44.9884],[147.6812,45.0032],[147.7277,45.0032],[147.7298,44.9804],[147.7468,44.9655],[147.7852,44.9483],[147.8526,44.9657],[147.9076,44.9613],[147.9237,44.9781],[147.9625,44.9978],[147.9839,45.0032],[147.9946,45.024],[148.042,45.0652],[148.051,45.0671]]]]},"properties":{"pref":"01"}},
{"type":"Feature","geometry":{"type":"Polygon","coordinates":[[[140.6608,40.9489],[140.647,41.0299],[140.6352,41.0772],[140.6341,41.1333],[140.6429,41.1699],[140.631,41.1925],[140.5942,41.217],[140.5498,41.2291],[140.4968,41.1893],[140.465,41.1827],[140.4491,41.1893],[140.4034,41.2224],[140.3965,41.2351],[140.3736,41.2483],[140.3424,41.2497],[140.3295,41.2213],[140.3358,41.1917],[140.3264,41.156],[140.3006,41.131],[140.2777,41.1398],[140.2505,41.1341],[140.2495,41.1243],[140.286,41.1215],[140.3061,41.1071],[140.3219,41.0865],[140.3235,41.0458],[140.3187,41.0004],[140.3022,40.9174],[140.2826,40.8587],[140.2502,40.8011],[140.2201,40.7796],[140.1947,40.7841],[140.1447,40.7525],[140.1218,40.7426],[140.0522,40.7693],[139.994,40.7341],[139.9876,40.7151],[139.9634,40.6823],[139.9366,40.6631],[139.9238,40.6447],[139.9034,40.6465],[139.8893,40.6311],[139.8628,40.6169],[139.8605,40.6034],[139.8718,40.5833],[139.9176,40.5865],[139.9417,40.5495],[139.9489,40.4927],[139.9364,40.4287],[139.9598,40.4352],[139.9731,40.4272],[139.9959,40.4352],[140.0185,40.4281],[140.0205,40.4483],[140.0368,40.4621],[140.0685,40.4693],[140.0998,40.4535],[140.1079,40.4364],[140.1474,40.4386],[140.1858,40.4436],[140.2216,40.4318],[140.2508,40.4432],[140.299,40.4467],[140.3354,40.4399],[140.3482,40.468],[140.3838,40.4849],[140.41,40.4761],[140.4375,40.4788],[140.4406,40.4505],[140.4619,40.4565],[140.5247,40.4199],[140.5415,40.4032],[140.5588,40.4263],[140.5899,40.4367],[140.6262,40.4242],[140.6471,40.4039],[140.6761,40.4134],[140.6885,40.428],[140.7109,40.43],[140.7341,40.4166],[140.7362,40.4404],[140.7885,40.4576],[140.8042,40.4498],[140.8118,40.4887],[140.8453,40.5079],[140.8797,40.5115],[140.8613,40.4405],[140.8925,40.4237],[140.9271,40.4216],[140.9398,40.4294],[140.9854,40.4275],[140.9826,40.4122],[140.9877,40.3955],[140.9958,40.3723],[140.994,40.3515],[140.9687,40.3376],[140.9563,40.3039],[140.957,40.2818],[140.9468,40.2578],[140.9553,40.2482],[140.9805,40.2201],[141.0263,40.2221],[141.0426,40.2373],[141.0594,40.2383],[141.0771,40.2529],[141.1095,40.2611],[141.1009,40.2815],[141.1596,40.3053],[141.2002,40.3093],[141.2191,40.3167],[141.2654,40.3504],[141.278,40.3447],[141.2941,40.3639],[141.3174,40.3733],[141.3366,40.3607],[141.3351,40.3455],[141.3514,40.3315],[141.3821,40.3439],[141.3935,40.3613],[141.4083,40.3579],[141.4357,40.3745],[141.4809,40.3765],[141.5188,40.3523],[141.5374,40.3478],[141.5541,40.3593],[141.5819,40.3745],[141.587,40.4075],[141.6148,40.4199],[141.6547,40.4289],[141.6831,40.4509],[141.6466,40.4753],[141.6112,40.5123],[141.5647,40.5429],[141.5523,40.5295],[141.5276,40.5293],[141.5018,40.5471],[141.4825,40.5701],[141.4643,40.6065],[141.4387,40.6709],[141.4308,40.6883],[141.4158,40.7532],[141.3936,40.8872],[141.3874,40.9423],[141.3858,41.0032],[141.3964,41.1331],[141.3904,41.1699],[141.4096,41.2532],[141.4479,41.3683],[141.459,41.3791],[141.469,41.4195],[141.4614,41.4317],[141.4347,41.4074],[141.3979,41.3809],[141.329,41.3552],[141.2976,41.3513],[141.2465,41.3622],[141.1931,41.3877],[141.116,41.4562],[141.0682,41.4825],[141.0032,41.4862],[140.9723,41.5009],[140.9616,41.5151],[140.9373,41.5297],[140.9128,41.547],[140.8986,41.5235],[140.9095,41.5032],[140.897,41.476],[140.8825,41.4687],[140.8499,41.4241],[140.839,41.4205],[140.8192,41.3439],[140.7998,41.3231],[140.8065,41.3147],[140.7837,41.2547],[140.7786,41.2108],[140.7646,41.1935],[140.7667,41.1458],[140.785,41.1318],[140.8123,41.1285],[140.8264,41.1464],[140.8718,41.1663],[140.8927,41.1642],[140.9114,41.1753],[140.9463,41.1746],[140.9817,41.1998],[141.0171,41.1953],[141.0563,41.1834],[141.0735,41.2001],[141.1154,41.2149],[141.1442,41.2352],[141.1343,41.2407],[141.1582,41.2772],[141.1878,41.2778],[141.223,41.2532],[141.2468,41.2262],[141.2765,41.1699],[141.2763,41.1512],[141.2722,41.1353],[141.2468,41.1055],[141.242,41.0489],[141.2327,41.0032],[141.2213,40.9719],[141.199,40.931],[141.1631,40.8903],[141.1287,40.8723],[141.1053,40.8729],[141.0844,40.8867],[141.0643,40.9141],[141.0419,40.9155],[141.0208,40.9305],[140.9985,40.9369],[140.9746,40.934],[140.9837,40.9609],[140.9609,40.9752],[140.948,40.9933],[140.9171,40.9957],[140.8879,41.0107],[140.8605,40.9719],[140.8674,40.9399],[140.8592,40.9045],[140.859,40.8877],[140.8345,40.8715],[140.8201,40.8539],[140.7953,40.8365],[140.7359,40.8308],[140.6975,40.8565],[140.677,40.8916],[140.6608,40.9489]]]},"properties":{"pref":"02"}},
{"type":"Feature","geometry":{"type":"Polygon","coordinates":[[[141.9786,39.8311],[141.9787,39.8667],[141.9601,39.8879],[141.9386,39.9329],[141.957,39.9583],[141.9489,39.9899],[141.9319,40.0106],[141.9097,40.0107],[141.8757,40.0495],[141.8554,40.0561],[141.8342,40.0746],[141.827,40.1008],[141.8431,40.1309],[141.8718,40.1355],[141.8764,40.1445],[141.8604,40.1645],[141.834,40.1787],[141.8052,40.1837],[141.8008,40.2075],[141.82,40.2216],[141.8341,40.2205],[141.8167,40.2707],[141.7948,40.2961],[141.775,40.3235],[141.7542,40.3693],[141.7287,40.3911],[141.7222,40.4091],[141.6831,40.4509],[141.6547,40.4289],[141.6148,40.4199],[141.587,40.4075],[141.5819,40.3745],[141.5541,40.3593],[141.5374,40.3478],[141.5188,40.3523],[141.4809,40.3765],[141.4357,40.3745],[141.4083,40.3579],[141.3935,40.3613],[141.3821,40.3439],[141.3514,40.3315],[141.3351,40.3455],[141.3366,40.3607],[141.3174,40.3733],[141.2941,40.3639],[141.278,40.3447],[141.2654,40.3504],[141.2191,40.3167],[141.2002,40.3093],[141.1596,40.3053],[141.1009,40.2815],[141.1095,40.2611],[141.0771,40.2529],[141.0594,40.2383],[141.0426,40.2373],[141.0263,40.2221],[140.9805,40.2201],[140.9553,40.2482],[140.9421,40.2282],[140.9053,40.2222],[140.8926,40.1927],[140.8601,40.1699],[140.882,40.1509],[140.8674,40.1313],[140.8813,40.1143],[140.8718,40.0912],[140.8447,40.0737],[140.8552,40.0439],[140.8557,40.0145],[140.8465,39.9745],[140.8483,39.9597],[140.8577,39.9531],[140.855,39.9237],[140.8665,39.9147],[140.8781,39.8747],[140.8527,39.8665],[140.8237,39.8843],[140.7994,39.8821],[140.7848,39.8718],[140.7892,39.8509],[140.7835,39.8291],[140.842,39.8053],[140.8472,39.7931],[140.8054,39.7568],[140.8046,39.7458],[140.7831,39.7305],[140.795,39.7099],[140.8229,39.6882],[140.8204,39.653],[140.7957,39.6033],[140.7641,39.5877],[140.7542,39.5708],[140.7307,39.5661],[140.7409,39.5348],[140.714,39.4984],[140.7243,39.4807],[140.6984,39.4683],[140.677,39.4472],[140.686,39.4366],[140.6793,39.4181],[140.6598,39.4145],[140.6564,39.3895],[140.6799,39.3815],[140.6769,39.3678],[140.7042,39.343],[140.6933,39.3025],[140.7179,39.2965],[140.7182,39.2729],[140.7695,39.2521],[140.7888,39.238],[140.7703,39.2239],[140.7667,39.2088],[140.7657,39.1977],[140.8083,39.1787],[140.7741,39.1678],[140.7583,39.1439],[140.7702,39.1244],[140.7529,39.0865],[140.8007,39.0773],[140.7852,39.02],[140.7645,39.0001],[140.7739,38.9585],[140.7944,38.9643],[140.8262,38.9635],[140.8431,38.9497],[140.886,38.928],[140.9055,38.9289],[140.9158,38.9172],[140.9407,38.916],[140.9667,38.9009],[140.9718,38.8877],[140.9918,38.8755],[141.0208,38.8866],[141.0343,38.8779],[141.0939,38.8881],[141.108,38.878],[141.1401,38.8779],[141.1463,38.8559],[141.1218,38.8356],[141.1039,38.8287],[141.1424,38.8111],[141.1397,38.79],[141.1576,38.7829],[141.1812,38.7848],[141.2047,38.7703],[141.217,38.7495],[141.2575,38.7629],[141.2736,38.7969],[141.3035,38.7933],[141.3079,38.8203],[141.3354,38.8073],[141.3531,38.8128],[141.3803,38.7964],[141.415,38.7857],[141.4107,38.7681],[141.4329,38.7946],[141.437,38.8128],[141.4537,38.8116],[141.4502,38.8365],[141.4566,38.8494],[141.4514,38.8767],[141.4665,38.8937],[141.4894,38.9075],[141.4861,38.9351],[141.4938,38.9562],[141.4839,38.9785],[141.491,38.9985],[141.5103,39.0029],[141.5242,38.9917],[141.5681,38.9957],[141.5769,38.9871],[141.6056,38.9853],[141.6322,38.971],[141.6251,39.0011],[141.6672,39.006],[141.6694,38.9759],[141.6849,38.9688],[141.6973,38.9471],[141.7288,38.9529],[141.7235,38.9639],[141.6973,38.9693],[141.7144,38.9869],[141.7439,38.9927],[141.7318,39.0132],[141.7099,39.0247],[141.7335,39.0533],[141.7454,39.0251],[141.763,39.0201],[141.7982,39.026],[141.8188,39.0236],[141.8479,39.0387],[141.8174,39.0504],[141.8407,39.0605],[141.864,39.0594],[141.8718,39.0711],[141.8218,39.0773],[141.8101,39.0934],[141.8115,39.1121],[141.8586,39.1043],[141.8838,39.0901],[141.9149,39.1075],[141.8982,39.1197],[141.8734,39.117],[141.8718,39.1311],[141.8375,39.1462],[141.8454,39.1553],[141.8851,39.1555],[141.9226,39.1814],[141.8907,39.198],[141.9311,39.2215],[141.9513,39.2264],[141.945,39.2475],[141.9234,39.2386],[141.8895,39.2742],[141.9285,39.2723],[141.898,39.3056],[141.9712,39.3137],[141.9817,39.3365],[141.96,39.341],[141.9446,39.3297],[141.8995,39.3339],[141.9157,39.346],[141.9539,39.3543],[141.9393,39.387],[141.9538,39.3997],[141.9818,39.4095],[142.0296,39.4161],[142.044,39.4255],[142.0405,39.4474],[142.0581,39.4651],[142.0371,39.4834],[142.0034,39.4549],[141.9732,39.4415],[141.9581,39.4579],[141.957,39.4757],[141.9932,39.4837],[142.0125,39.4804],[142.0109,39.5003],[142.0286,39.5102],[142.0338,39.5293],[142.0662,39.5343],[142.0692,39.5609],[142.058,39.5735],[142.0371,39.5735],[142.0261,39.6054],[142.0276,39.6483],[142.0175,39.6551],[141.9589,39.5865],[141.9457,39.5992],[141.9641,39.6121],[141.9651,39.6401],[141.9833,39.6476],[141.9725,39.6624],[141.9862,39.6829],[141.9688,39.6881],[141.9866,39.7106],[141.9849,39.7353],[141.9968,39.7783],[141.9844,39.7898],[141.9907,39.8209],[141.9786,39.8311]]]},"properties":{"pref":"03"}},
{"type":"Feature","geometry":{"type":"MultiPolygon","coordinates":[[[[141.0285,38.2826],[141.0309,38.2823],[141.0315,38.2822],[141.0315,38.2811],[141.0299,38.2757],[141.041,38.2721],[141.0435,38.2771],[141.0639,38.2825],[141.075,38.2953],[141.0766,38.3199],[141.0361,38.3072],[141.0524,38.3334],[141.0367,38.3399],[141.0597,38.3508],[141.0628,38.3697],[141.0854,38.3814],[141.1265,38.38],[141.1323,38.3621],[141.1494,38.3431],[141.1691,38.3365],[141.1606,38.3653],[141.2074,38.392],[141.2487,38.4059],[141.2977,38.4145],[141.3589,38.4138],[141.3661,38.3898],[141.3882,38.3856],[141.4114,38.3967],[141.4386,38.3815],[141.4433,38.3701],[141.423,38.3561],[141.4232,38.3449],[141.4646,38.3391],[141.4591,38.3227],[141.468,38.3064],[141.4907,38.3087],[141.5083,38.2984],[141.5118,38.2765],[141.5405,38.317],[141.528,38.3229],[141.5338,38.3413],[141.5193,38.3668],[141.4825,38.3769],[141.5065,38.3978],[141.4808,38.3987],[141.4752,38.4199],[141.4826,38.4371],[141.4966,38.4405],[141.4883,38.4692],[141.4964,38.4804],[141.4851,38.5103],[141.5137,38.5132],[141.5165,38.4929],[141.5303,38.4887],[141.5464,38.5226],[141.5152,38.5447],[141.4979,38.5325],[141.4872,38.5543],[141.4673,38.5614],[141.4604,38.5795],[141.4874,38.5839],[141.5251,38.6106],[141.5288,38.6306],[141.4968,38.6453],[141.4637,38.6477],[141.4448,38.6738],[141.4823,38.6749],[141.4906,38.69],[141.5168,38.6909],[141.5238,38.7056],[141.5465,38.7118],[141.5591,38.7377],[141.5307,38.7491],[141.5165,38.7718],[141.522,38.7891],[141.5558,38.8017],[141.5917,38.8228],[141.583,38.8522],[141.594,38.8903],[141.6055,38.8803],[141.6371,38.893],[141.6519,38.869],[141.6693,38.8611],[141.6617,38.8969],[141.6324,38.9585],[141.6322,38.971],[141.6056,38.9853],[141.5769,38.9871],[141.5681,38.9957],[141.5242,38.9917],[141.5103,39.0029],[141.491,38.9985],[141.4839,38.9785],[141.4938,38.9562],[141.4861,38.9351],[141.4894,38.9075],[141.4665,38.8937],[141.4514,38.8767],[141.4566,38.8494],[141.4502,38.8365],[141.4537,38.8116],[141.437,38.8128],[141.4329,38.7946],[141.4107,38.7681],[141.415,38.7857],[141.3803,38.7964],[141.3531,38.8128],[141.3354,38.8073],[141.3079,38.8203],[141.3035,38.7933],[141.2736,38.7969],[141.2575,38.7629],[141.217,38.7495],[141.2047,38.7703],[141.1812,38.7848],[141.1576,38.7829],[141.1397,38.79],[141.1424,38.8111],[141.1039,38.8287],[141.1218,38.8356],[141.1463,38.8559],[141.1401,38.8779],[141.108,38.878],[141.0939,38.8881],[141.0343,38.8779],[141.0208,38.8866],[140.9918,38.8755],[140.9718,38.8877],[140.9667,38.9009],[140.9407,38.916],[140.9158,38.9172],[140.9055,38.9289],[140.886,38.928],[140.8431,38.9497],[140.8262,38.9635],[140.7944,38.9643],[140.7739,38.9585],[140.7559,38.9585],[140.7303,38.9475],[140.7076,38.9207],[140.6843,38.9165],[140.6701,38.8971],[140.6439,38.8879],[140.6147,38.8944],[140.607,38.887],[140.5539,38.8775],[140.5473,38.8895],[140.5411,38.8618],[140.5912,38.8353],[140.599,38.8257],[140.5967,38.8021],[140.6053,38.7833],[140.6463,38.7688],[140.6348,38.7604],[140.6218,38.7334],[140.6074,38.7207],[140.6071,38.7037],[140.6243,38.6918],[140.6007,38.6399],[140.5884,38.6343],[140.5467,38.6501],[140.538,38.6341],[140.559,38.5979],[140.5699,38.5939],[140.5789,38.5685],[140.5601,38.5425],[140.5718,38.5255],[140.564,38.5109],[140.5739,38.4958],[140.5982,38.4875],[140.6201,38.4555],[140.6197,38.455],[140.5973,38.4372],[140.5863,38.4408],[140.5715,38.4133],[140.5783,38.3931],[140.5218,38.35],[140.5299,38.3248],[140.5199,38.3098],[140.4927,38.302],[140.4968,38.2831],[140.4714,38.2697],[140.4729,38.2526],[140.4678,38.2325],[140.4795,38.1807],[140.4667,38.1565],[140.4461,38.1437],[140.4459,38.1301],[140.4293,38.1257],[140.4177,38.1031],[140.4211,38.0865],[140.4021,38.0705],[140.3826,38.0713],[140.3726,38.0573],[140.3433,38.0541],[140.2772,38.0565],[140.2762,38.0351],[140.2885,38.0082],[140.2765,37.9925],[140.2801,37.9769],[140.3162,37.9586],[140.3461,37.9513],[140.387,37.9675],[140.4321,37.9544],[140.4449,37.9571],[140.475,37.947],[140.4696,37.9199],[140.4844,37.9018],[140.4882,37.8999],[140.5176,37.9078],[140.5624,37.9114],[140.5985,37.9079],[140.6188,37.9127],[140.6251,37.9003],[140.6613,37.9007],[140.6904,37.8883],[140.6832,37.8798],[140.6926,37.8589],[140.6846,37.8304],[140.6945,37.8035],[140.724,37.7909],[140.7771,37.7813],[140.7751,37.8065],[140.8114,37.7961],[140.8526,37.7958],[140.8585,37.8147],[140.8545,37.8421],[140.862,37.8627],[140.8567,37.8913],[140.9006,37.9037],[140.9312,37.8963],[140.9231,37.9199],[140.9145,37.9937],[140.922,38.0471],[140.9281,38.0865],[140.9417,38.1319],[140.9624,38.1742],[140.9863,38.2177],[141.0241,38.2653],[141.0285,38.2826]]],[[[141.5744,38.2693],[141.5899,38.3024],[141.5685,38.3096],[141.548,38.3027],[141.5543,38.2861],[141.5744,38.2693]]],[[[141.502,38.2464],[141.4868,38.2711],[141.467,38.2684],[141.4801,38.2504],[141.502,38.2464]]],[[[141.6252,38.8307],[141.6379,38.841],[141.6245,38.8637],[141.6077,38.8548],[141.6252,38.8307]]]]},"properties":{"pref":"04"}},
{"type":"Feature","geometry":{"type":"Polygon","coordinates":[[[140.0599,39.5981],[140.0453,39.5032],[140.0256,39.4199],[139.9968,39.3425],[139.9805,39.3135],[139.9676,39.2965],[139.9282,39.2883],[139.9114,39.2641],[139.9148,39.2489],[139.8944,39.2133],[139.9058,39.1888],[139.8844,39.133],[139.8698,39.1186],[139.9483,39.1176],[139.9947,39.1059],[140.0079,39.1234],[140.0626,39.1339],[140.0627,39.0933],[140.1009,39.0841],[140.1183,39.0687],[140.138,39.0658],[140.1509,39.0495],[140.1754,39.0578],[140.2018,39.0593],[140.2019,39.0353],[140.2283,39.0275],[140.2608,39.0356],[140.3114,39.0144],[140.3294,39.0352],[140.355,39.0243],[140.3765,38.9948],[140.4322,38.9923],[140.4463,38.9803],[140.4497,38.9459],[140.4623,38.9199],[140.4827,38.9169],[140.4924,38.9027],[140.4946,38.8993],[140.5368,38.9009],[140.5473,38.8895],[140.5539,38.8775],[140.607,38.887],[140.6147,38.8944],[140.6439,38.8879],[140.6701,38.8971],[140.6843,38.9165],[140.7076,38.9207],[140.7303,38.9475],[140.7559,38.9585],[140.7739,38.9585],[140.7645,39.0001],[140.7852,39.02],[140.8007,39.0773],[140.7529,39.0865],[140.7702,39.1244],[140.7583,39.1439],[140.7741,39.1678],[140.8083,39.1787],[140.7657,39.1977],[140.7667,39.2088],[140.7703,39.2239],[140.7888,39.238],[140.7695,39.2521],[140.7182,39.2729],[140.7179,39.2965],[140.6933,39.3025],[140.7042,39.343],[140.6769,39.3678],[140.6799,39.3815],[140.6564,39.3895],[140.6598,39.4145],[140.6793,39.4181],[140.686,39.4366],[140.677,39.4472],[140.6984,39.4683],[140.7243,39.4807],[140.714,39.4984],[140.7409,39.5348],[140.7307,39.5661],[140.7542,39.5708],[140.7641,39.5877],[140.7957,39.6033],[140.8204,39.653],[140.8229,39.6882],[140.795,39.7099],[140.7831,39.7305],[140.8046,39.7458],[140.8054,39.7568],[140.8472,39.7931],[140.842,39.8053],[140.7835,39.8291],[140.7892,39.8509],[140.7848,39.8718],[140.7994,39.8821],[140.8237,39.8843],[140.8527,39.8665],[140.8781,39.8747],[140.8665,39.9147],[140.855,39.9237],[140.8577,39.9531],[140.8483,39.9597],[140.8465,39.9745],[140.8557,40.0145],[140.8552,40.0439],[140.8447,40.0737],[140.8718,40.0912],[140.8813,40.1143],[140.8674,40.1313],[140.882,40.1509],[140.8601,40.1699],[140.8926,40.1927],[140.9053,40.2222],[140.9421,40.2282],[140.9553,40.2482],[140.9468,40.2578],[140.957,40.2818],[140.9563,40.3039],[140.9687,40.3376],[140.994,40.3515],[140.9958,40.3723],[140.9877,40.3955],[140.9826,40.4122],[140.9854,40.4275],[140.9398,40.4294],[140.9271,40.4216],[140.8925,40.4237],[140.8613,40.4405],[140.8797,40.5115],[140.8453,40.5079],[140.8118,40.4887],[140.8042,40.4498],[140.7885,40.4576],[140.7362,40.4404],[140.7341,40.4166],[140.7109,40.43],[140.6885,40.428],[140.6761,40.4134],[140.6471,40.4039],[140.6262,40.4242],[140.5899,40.4367],[140.5588,40.4263],[140.5415,40.4032],[140.5247,40.4199],[140.4619,40.4565],[140.4406,40.4505],[140.4375,40.4788],[140.41,40.4761],[140.3838,40.4849],[140.3482,40.468],[140.3354,40.4399],[140.299,40.4467],[140.2508,40.4432],[140.2216,40.4318],[140.1858,40.4436],[140.1474,40.4386],[140.1079,40.4364],[140.0998,40.4535],[140.0685,40.4693],[140.0368,40.4621],[140.0205,40.4483],[140.0185,40.4281],[139.9959,40.4352],[139.9731,40.4272],[139.9598,40.4352],[139.9364,40.4287],[139.9482,40.4138],[139.9804,40.3965],[139.9803,40.3884],[140.0109,40.3752],[140.024,40.3556],[140.0255,40.3251],[140.0156,40.2656],[140.003,40.2121],[139.9727,40.1257],[139.9456,40.0735],[139.9148,40.0305],[139.8718,39.989],[139.8422,39.9702],[139.7981,39.9574],[139.7654,39.9755],[139.7236,39.9822],[139.7062,40.0032],[139.6951,39.9798],[139.709,39.9237],[139.7352,39.9044],[139.7427,39.8687],[139.7636,39.8631],[139.7968,39.8672],[139.8118,39.8579],[139.8661,39.8981],[139.9209,39.9011],[139.9678,39.8802],[140.0151,39.8365],[140.0342,39.8049],[140.0496,39.7738],[140.0464,39.7499],[140.0571,39.731],[140.0632,39.6699],[140.0599,39.5981]]]},"properties":{"pref":"05"}},
{"type":"Feature","geometry":{"type":"MultiPolygon","coordinates":[[[[139.5222,39.1876],[139.5203,39.1868],[139.5213,39.1834],[139.5239,39.1841],[139.5222,39.1876]]],[[[140.5218,38.35],[140.5783,38.3931],[140.5715,38.4133],[140.5863,38.4408],[140.5973,38.4372],[140.6197,38.455],[140.6201,38.4555],[140.5982,38.4875],[140.5739,38.4958],[140.564,38.5109],[140.5718,38.5255],[140.5601,38.5425],[140.5789,38.5685],[140.5699,38.5939],[140.559,38.5979],[140.538,38.6341],[140.5467,38.6501],[140.5884,38.6343],[140.6007,38.6399],[140.6243,38.6918],[140.6071,38.7037],[140.6074,38.7207],[140.6218,38.7334],[140.6348,38.7604],[140.6463,38.7688],[140.6053,38.7833],[140.5967,38.8021],[140.599,38.8257],[140.5912,38.8353],[140.5411,38.8618],[140.5473,38.8895],[140.5368,38.9009],[140.4946,38.8993],[140.4924,38.9027],[140.4827,38.9169],[140.4623,38.9199],[140.4497,38.9459],[140.4463,38.9803],[140.4322,38.9923],[140.3765,38.9948],[140.355,39.0243],[140.3294,39.0352],[140.3114,39.0144],[140.2608,39.0356],[140.2283,39.0275],[140.2019,39.0353],[140.2018,39.0593],[140.1754,39.0578],[140.1509,39.0495],[140.138,39.0658],[140.1183,39.0687],[140.1009,39.0841],[140.0627,39.0933],[140.0626,39.1339],[140.0079,39.1234],[139.9947,39.1059],[139.9483,39.1176],[139.8698,39.1186],[139.879,39.0978],[139.8718,39.0687],[139.8404,38.9855],[139.826,38.9751],[139.8175,38.9425],[139.7788,38.8365],[139.7617,38.8005],[139.7468,38.7755],[139.7114,38.7532],[139.6982,38.7302],[139.6717,38.7193],[139.6478,38.6936],[139.6272,38.6878],[139.5955,38.6471],[139.5952,38.6394],[139.5642,38.595],[139.5482,38.5534],[139.6016,38.5227],[139.6316,38.5221],[139.654,38.5075],[139.6933,38.5071],[139.7219,38.4966],[139.7135,38.4701],[139.7179,38.4246],[139.7042,38.3975],[139.7225,38.3943],[139.7326,38.3719],[139.7468,38.3619],[139.7912,38.3492],[139.817,38.3559],[139.8752,38.317],[139.8807,38.3031],[139.8988,38.2925],[139.9001,38.2761],[139.8765,38.2611],[139.8605,38.2317],[139.8022,38.2063],[139.7867,38.1929],[139.7583,38.1933],[139.7127,38.2066],[139.6826,38.1699],[139.6848,38.1597],[139.6917,38.1494],[139.6933,38.1155],[139.6829,38.1083],[139.6723,38.0771],[139.6914,38.0746],[139.6928,38.0572],[139.6794,38.0433],[139.6594,38.0389],[139.6437,37.9948],[139.6447,37.9652],[139.6372,37.9332],[139.6249,37.9187],[139.6294,37.894],[139.6574,37.8637],[139.6811,37.8472],[139.7075,37.8562],[139.7164,37.8538],[139.7177,37.8467],[139.7318,37.8311],[139.7422,37.8207],[139.7836,37.8319],[139.8102,37.8035],[139.8585,37.827],[139.8805,37.8103],[139.9256,37.8139],[139.9374,37.8285],[139.9585,37.8141],[139.9599,37.797],[139.9927,37.7589],[140.0539,37.771],[140.0692,37.7581],[140.0869,37.7582],[140.0999,37.7405],[140.1175,37.7346],[140.1406,37.7389],[140.1471,37.7528],[140.172,37.7561],[140.2057,37.7481],[140.2373,37.7467],[140.2835,37.799],[140.2988,37.809],[140.2692,37.825],[140.2627,37.8355],[140.2701,37.8672],[140.2653,37.8865],[140.2673,37.9179],[140.2811,37.9418],[140.2724,37.9689],[140.2801,37.9769],[140.2765,37.9925],[140.2885,38.0082],[140.2762,38.0351],[140.2772,38.0565],[140.3433,38.0541],[140.3726,38.0573],[140.3826,38.0713],[140.4021,38.0705],[140.4211,38.0865],[140.4177,38.1031],[140.4293,38.1257],[140.4459,38.1301],[140.4461,38.1437],[140.4667,38.1565],[140.4795,38.1807],[140.4678,38.2325],[140.4729,38.2526],[140.4714,38.2697],[140.4968,38.2831],[140.4927,38.302],[140.5199,38.3098],[140.5299,38.3248],[140.5218,38.35]]]]},"properties":{"pref":"06"}},
{"type":"Feature","geometry":{"type":"Polygon","coordinates":[[[140.475,37.947],[140.4449,37.9571],[140.4321,37.9544],[140.387,37.9675],[140.3461,37.9513],[140.3162,37.9586],[140.2801,37.9769],[140.2724,37.9689],[140.2811,37.9418],[140.2673,37.9179],[140.2653,37.8865],[140.2701,37.8672],[140.2627,37.8355],[140.2692,37.825],[140.2988,37.809],[140.2835,37.799],[140.2373,37.7467],[140.2057,37.7481],[140.172,37.7561],[140.1471,37.7528],[140.1406,37.7389],[140.1175,37.7346],[140.0999,37.7405],[140.0869,37.7582],[140.0692,37.7581],[140.0539,37.771],[139.9927,37.7589],[139.9599,37.797],[139.9585,37.8141],[139.9374,37.8285],[139.9256,37.8139],[139.8805,37.8103],[139.8585,37.827],[139.8102,37.8035],[139.7836,37.8319],[139.7422,37.8207],[139.7318,37.8311],[139.7177,37.8467],[139.7164,37.8538],[139.7075,37.8562],[139.6811,37.8472],[139.6821,37.8471],[139.7114,37.8545],[139.7238,37.8371],[139.7415,37.8179],[139.7284,37.8126],[139.6805,37.7751],[139.6497,37.7301],[139.6243,37.7098],[139.615,37.6875],[139.5936,37.6655],[139.5697,37.6541],[139.5468,37.6279],[139.5488,37.6113],[139.5651,37.5976],[139.5713,37.5769],[139.5661,37.5461],[139.5852,37.5131],[139.5643,37.5023],[139.5431,37.5123],[139.4968,37.5128],[139.4754,37.5031],[139.4568,37.5181],[139.4143,37.5095],[139.4137,37.4967],[139.3976,37.4601],[139.3623,37.4701],[139.3458,37.4605],[139.3261,37.4625],[139.2852,37.4511],[139.2524,37.4525],[139.2231,37.449],[139.1972,37.4109],[139.2098,37.3946],[139.2317,37.3877],[139.2366,37.3766],[139.2336,37.3439],[139.2178,37.3343],[139.2242,37.3197],[139.2119,37.286],[139.178,37.2575],[139.1648,37.238],[139.1949,37.2031],[139.2179,37.2097],[139.2379,37.188],[139.2528,37.1597],[139.2361,37.1162],[139.2395,37.0893],[139.2564,37.0571],[139.2443,37.0146],[139.2551,36.9895],[139.2514,36.9634],[139.232,36.9406],[139.2415,36.9302],[139.2665,36.9413],[139.3047,36.9259],[139.3342,36.9249],[139.3552,36.9165],[139.3934,36.9109],[139.4098,36.9272],[139.4285,36.925],[139.4358,36.9425],[139.4527,36.9508],[139.4599,36.9697],[139.4848,36.9751],[139.4947,36.9682],[139.5487,36.9936],[139.6192,37.0173],[139.6268,37.0336],[139.6651,37.0406],[139.6735,37.0579],[139.7013,37.0602],[139.72,37.0709],[139.7529,37.0711],[139.7724,37.0865],[139.7893,37.0903],[139.822,37.0855],[139.8163,37.1182],[139.831,37.1324],[139.8664,37.1474],[139.8977,37.1536],[139.9614,37.1535],[139.9674,37.1479],[140.0192,37.1403],[140.0638,37.1273],[140.1007,37.1227],[140.1509,37.0945],[140.1736,37.0711],[140.1941,37.0641],[140.2046,37.024],[140.2492,37.0261],[140.2517,37.0091],[140.2408,37.0005],[140.2523,36.9658],[140.2432,36.9435],[140.2643,36.9334],[140.2833,36.9353],[140.318,36.9129],[140.3257,36.8928],[140.3631,36.8851],[140.3773,36.838],[140.4153,36.832],[140.4385,36.8216],[140.4637,36.7918],[140.5172,36.8279],[140.5283,36.8437],[140.5394,36.8592],[140.5676,36.8634],[140.5919,36.8731],[140.5807,36.9046],[140.5674,36.9139],[140.5682,36.9375],[140.5863,36.9455],[140.5934,36.9279],[140.6164,36.9035],[140.6955,36.8883],[140.7123,36.8746],[140.7415,36.8755],[140.7663,36.8627],[140.7936,36.8596],[140.7909,36.8759],[140.8178,36.9087],[140.841,36.9091],[140.8691,36.9316],[140.8963,36.9433],[140.9207,36.9343],[140.9406,36.9549],[140.9695,36.9742],[140.982,36.9968],[140.9731,37.0383],[140.9791,37.0749],[140.9994,37.1109],[141.0008,37.1837],[141.0063,37.2125],[141.0211,37.2349],[141.0124,37.241],[141.0282,37.3166],[141.0271,37.3365],[141.0391,37.3639],[141.0356,37.3732],[141.0349,37.4271],[141.0366,37.4271],[141.0369,37.4271],[141.0369,37.4666],[141.0419,37.4811],[141.035,37.5139],[141.0291,37.5482],[141.023,37.6239],[141.0243,37.6461],[141.0124,37.6872],[141.0116,37.722],[141.01,37.7448],[140.9905,37.7694],[140.9866,37.8241],[140.9597,37.8316],[140.9593,37.8416],[140.9364,37.8727],[140.9312,37.8963],[140.9006,37.9037],[140.8567,37.8913],[140.862,37.8627],[140.8545,37.8421],[140.8585,37.8147],[140.8526,37.7958],[140.8114,37.7961],[140.7751,37.8065],[140.7771,37.7813],[140.724,37.7909],[140.6945,37.8035],[140.6846,37.8304],[140.6926,37.8589],[140.6832,37.8798],[140.6904,37.8883],[140.6613,37.9007],[140.6251,37.9003],[140.6188,37.9127],[140.5985,37.9079],[140.5624,37.9114],[140.5176,37.9078],[140.4882,37.8999],[140.4844,37.9018],[140.4696,37.9199],[140.475,37.947]]]},"properties":{"pref":"07"}},
{"type":"Feature","geometry":{"type":"Polygon","coordinates":[[[140.7169,36.6927],[140.7292,36.7232],[140.7334,36.7486],[140.7468,36.7807],[140.7705,36.8199],[140.8062,36.8313],[140.7936,36.8596],[140.7663,36.8627],[140.7415,36.8755],[140.7123,36.8746],[140.6955,36.8883],[140.6164,36.9035],[140.5934,36.9279],[140.5863,36.9455],[140.5682,36.9375],[140.5674,36.9139],[140.5807,36.9046],[140.5919,36.8731],[140.5676,36.8634],[140.5394,36.8592],[140.5283,36.8437],[140.5172,36.8279],[140.4637,36.7918],[140.4385,36.8216],[140.4153,36.832],[140.3773,36.838],[140.3631,36.8851],[140.3257,36.8928],[140.318,36.9129],[140.2833,36.9353],[140.2643,36.9334],[140.2489,36.9199],[140.2559,36.8721],[140.2525,36.8505],[140.267,36.8236],[140.2652,36.7887],[140.2539,36.7837],[140.2568,36.7572],[140.2837,36.7333],[140.2926,36.7127],[140.2674,36.7026],[140.2321,36.7001],[140.2216,36.6743],[140.2384,36.6541],[140.2425,36.6364],[140.2347,36.6239],[140.2461,36.615],[140.243,36.5739],[140.2516,36.5545],[140.2547,36.5225],[140.2309,36.5029],[140.2135,36.473],[140.2021,36.4328],[140.2024,36.4199],[140.1853,36.3983],[140.1561,36.3984],[140.1443,36.4141],[140.1101,36.4075],[140.0886,36.3983],[140.0665,36.4038],[140.0692,36.3889],[140.0415,36.3752],[140.0164,36.3759],[140.0021,36.3681],[139.9791,36.3703],[139.9645,36.3509],[139.922,36.3413],[139.9131,36.3351],[139.9031,36.2987],[139.8788,36.3146],[139.8487,36.3113],[139.8354,36.2935],[139.8413,36.2754],[139.8217,36.2398],[139.7856,36.2277],[139.7272,36.206],[139.7071,36.2107],[139.6889,36.2022],[139.6879,36.1998],[139.6912,36.1726],[139.7031,36.1451],[139.7101,36.1359],[139.7271,36.1075],[139.7298,36.0879],[139.7703,36.0812],[139.7762,36.0909],[139.7868,36.1041],[139.8012,36.0919],[139.8202,36.0573],[139.8591,36.0275],[139.8785,36.0072],[139.8842,35.9889],[139.9237,35.9706],[139.9341,35.9684],[139.9321,35.9497],[139.9521,35.9357],[139.9952,35.9095],[140.017,35.9106],[140.0306,35.9009],[140.0762,35.877],[140.089,35.8841],[140.1272,35.8709],[140.1466,35.8456],[140.1679,35.8455],[140.2137,35.862],[140.2436,35.8554],[140.2731,35.8723],[140.2894,35.8714],[140.3176,35.8644],[140.3353,35.8726],[140.3557,35.8945],[140.3759,35.9023],[140.379,35.9031],[140.3988,35.9093],[140.4349,35.9117],[140.4585,35.9261],[140.4841,35.9099],[140.5113,35.9587],[140.5333,35.9413],[140.5737,35.922],[140.5989,35.9032],[140.6125,35.8901],[140.6318,35.8589],[140.648,35.8556],[140.6821,35.8495],[140.7061,35.8365],[140.7208,35.8135],[140.7468,35.7818],[140.8204,35.7396],[140.8519,35.7439],[140.8318,35.7532],[140.775,35.8233],[140.7441,35.8652],[140.7417,35.8745],[140.7091,35.9199],[140.6942,35.9334],[140.7011,35.9377],[140.681,35.9709],[140.6572,35.9959],[140.6123,36.0823],[140.5862,36.1428],[140.572,36.1846],[140.5597,36.2558],[140.5596,36.2917],[140.5686,36.3084],[140.5875,36.3124],[140.5949,36.3364],[140.6218,36.3623],[140.6268,36.3813],[140.6145,36.3904],[140.6101,36.4265],[140.6142,36.4816],[140.6275,36.5],[140.6447,36.5511],[140.6666,36.5947],[140.6891,36.6216],[140.6941,36.6441],[140.7164,36.6624],[140.7169,36.6927]]]},"properties":{"pref":"08"}},
{"type":"Feature","geometry":{"type":"Polygon","coordinates":[[[139.5365,36.2818],[139.563,36.267],[139.5897,36.2686],[139.617,36.2741],[139.6341,36.2701],[139.6339,36.2532],[139.6513,36.2386],[139.6648,36.2072],[139.6879,36.1998],[139.6889,36.2022],[139.7071,36.2107],[139.7272,36.206],[139.7856,36.2277],[139.8217,36.2398],[139.8413,36.2754],[139.8354,36.2935],[139.8487,36.3113],[139.8788,36.3146],[139.9031,36.2987],[139.9131,36.3351],[139.922,36.3413],[139.9645,36.3509],[139.9791,36.3703],[140.0021,36.3681],[140.0164,36.3759],[140.0415,36.3752],[140.0692,36.3889],[140.0665,36.4038],[140.0886,36.3983],[140.1101,36.4075],[140.1443,36.4141],[140.1561,36.3984],[140.1853,36.3983],[140.2024,36.4199],[140.2021,36.4328],[140.2135,36.473],[140.2309,36.5029],[140.2547,36.5225],[140.2516,36.5545],[140.243,36.5739],[140.2461,36.615],[140.2347,36.6239],[140.2425,36.6364],[140.2384,36.6541],[140.2216,36.6743],[140.2321,36.7001],[140.2674,36.7026],[140.2926,36.7127],[140.2837,36.7333],[140.2568,36.7572],[140.2539,36.7837],[140.2652,36.7887],[140.267,36.8236],[140.2525,36.8505],[140.2559,36.8721],[140.2489,36.9199],[140.2643,36.9334],[140.2432,36.9435],[140.2523,36.9658],[140.2408,37.0005],[140.2517,37.0091],[140.2492,37.0261],[140.2046,37.024],[140.1941,37.0641],[140.1736,37.0711],[140.1509,37.0945],[140.1007,37.1227],[140.0638,37.1273],[140.0192,37.1403],[139.9674,37.1479],[139.9614,37.1535],[139.8977,37.1536],[139.8664,37.1474],[139.831,37.1324],[139.8163,37.1182],[139.822,37.0855],[139.7893,37.0903],[139.7724,37.0865],[139.7529,37.0711],[139.72,37.0709],[139.7013,37.0602],[139.6735,37.0579],[139.6651,37.0406],[139.6268,37.0336],[139.6192,37.0173],[139.5487,36.9936],[139.4947,36.9682],[139.4848,36.9751],[139.4599,36.9697],[139.4527,36.9508],[139.4358,36.9425],[139.4285,36.925],[139.4098,36.9272],[139.3934,36.9109],[139.3564,36.8781],[139.3539,36.8569],[139.3664,36.8414],[139.4049,36.8254],[139.378,36.8037],[139.3743,36.7844],[139.3531,36.7737],[139.358,36.7499],[139.3708,36.7469],[139.3669,36.7257],[139.337,36.6921],[139.3389,36.6783],[139.3273,36.6563],[139.3279,36.6336],[139.355,36.6145],[139.413,36.6079],[139.428,36.6011],[139.4653,36.6065],[139.4827,36.5783],[139.451,36.5499],[139.4429,36.5318],[139.4192,36.5009],[139.4351,36.4642],[139.4097,36.4585],[139.4066,36.4458],[139.3805,36.416],[139.3611,36.3838],[139.3703,36.3661],[139.3936,36.3477],[139.418,36.3365],[139.4157,36.316],[139.4437,36.2883],[139.4588,36.2886],[139.4826,36.2721],[139.5002,36.2761],[139.5365,36.2818]]]},"properties":{"pref":"09"}},
{"type":"Feature","geometry":{"type":"Polygon","coordinates":[[[138.6483,36.4075],[138.6535,36.3031],[138.6439,36.2934],[138.6004,36.2785],[138.6031,36.2479],[138.6218,36.215],[138.6369,36.2044],[138.6228,36.197],[138.637,36.1745],[138.6114,36.1676],[138.5773,36.1681],[138.598,36.1381],[138.6346,36.1336],[138.645,36.1197],[138.645,36.0989],[138.6306,36.0913],[138.6438,36.0507],[138.6314,36.0283],[138.6624,36.0115],[138.6808,36.0107],[138.6886,35.9918],[138.7127,35.9853],[138.7468,36.0147],[138.755,36.0346],[138.7704,36.0383],[138.7908,36.0295],[138.8285,36.0373],[138.829,36.0413],[138.8474,36.0671],[138.904,36.0918],[138.9312,36.0883],[138.9578,36.1079],[138.9595,36.1241],[138.9764,36.1173],[139.016,36.1338],[139.037,36.1263],[139.0485,36.1524],[139.0621,36.1531],[139.0576,36.1837],[139.0964,36.2383],[139.1075,36.2615],[139.1293,36.2834],[139.1695,36.2749],[139.1714,36.2739],[139.2116,36.2563],[139.2239,36.2585],[139.2437,36.2445],[139.2727,36.2493],[139.3278,36.2399],[139.3595,36.2532],[139.3829,36.238],[139.4168,36.2181],[139.4442,36.1969],[139.4572,36.1906],[139.4935,36.1922],[139.4957,36.1927],[139.5258,36.1913],[139.5879,36.2104],[139.6099,36.1969],[139.6503,36.1969],[139.6648,36.2072],[139.6513,36.2386],[139.6339,36.2532],[139.6341,36.2701],[139.617,36.2741],[139.5897,36.2686],[139.563,36.267],[139.5365,36.2818],[139.5002,36.2761],[139.4826,36.2721],[139.4588,36.2886],[139.4437,36.2883],[139.4157,36.316],[139.418,36.3365],[139.3936,36.3477],[139.3703,36.3661],[139.3611,36.3838],[139.3805,36.416],[139.4066,36.4458],[139.4097,36.4585],[139.4351,36.4642],[139.4192,36.5009],[139.4429,36.5318],[139.451,36.5499],[139.4827,36.5783],[139.4653,36.6065],[139.428,36.6011],[139.413,36.6079],[139.355,36.6145],[139.3279,36.6336],[139.3273,36.6563],[139.3389,36.6783],[139.337,36.6921],[139.3669,36.7257],[139.3708,36.7469],[139.358,36.7499],[139.3531,36.7737],[139.3743,36.7844],[139.378,36.8037],[139.4049,36.8254],[139.3664,36.8414],[139.3539,36.8569],[139.3564,36.8781],[139.3934,36.9109],[139.3552,36.9165],[139.3342,36.9249],[139.3047,36.9259],[139.2665,36.9413],[139.2415,36.9302],[139.232,36.9406],[139.2283,36.9613],[139.2052,36.9563],[139.1803,36.9647],[139.1792,36.9914],[139.1319,37.0267],[139.1218,37.0477],[139.097,37.0588],[139.0902,37.0196],[139.0541,36.9983],[139.047,36.9875],[139.015,36.9882],[138.9987,36.9794],[138.9697,36.9815],[138.9649,36.9557],[138.9677,36.9302],[138.9771,36.9199],[138.979,36.8911],[138.9321,36.8937],[138.9176,36.8698],[138.9162,36.851],[138.9284,36.8326],[138.8818,36.8258],[138.8549,36.8119],[138.8215,36.8171],[138.8298,36.7951],[138.8261,36.7717],[138.7945,36.7565],[138.7894,36.745],[138.7672,36.7466],[138.7263,36.7638],[138.7119,36.7388],[138.6957,36.7386],[138.642,36.7239],[138.6218,36.7204],[138.6098,36.7065],[138.5955,36.7147],[138.5434,36.7039],[138.5198,36.6889],[138.5188,36.6757],[138.5344,36.6664],[138.5252,36.6515],[138.5118,36.6469],[138.4728,36.6435],[138.458,36.6333],[138.4534,36.6133],[138.4415,36.6107],[138.4203,36.5771],[138.4285,36.5556],[138.4124,36.5415],[138.3972,36.4887],[138.4034,36.4521],[138.4009,36.4347],[138.4436,36.4215],[138.4576,36.4117],[138.4898,36.4016],[138.4936,36.4137],[138.5067,36.414],[138.5197,36.4069],[138.5414,36.4038],[138.5556,36.4181],[138.5709,36.4196],[138.6124,36.4228],[138.6443,36.4115],[138.6483,36.4075]]]},"properties":{"pref":"10"}},
{"type":"Feature","geometry":{"type":"Polygon","coordinates":[[[139.3278,36.2399],[139.2727,36.2493],[139.2437,36.2445],[139.2239,36.2585],[139.2116,36.2563],[139.1714,36.2739],[139.1695,36.2749],[139.1293,36.2834],[139.1075,36.2615],[139.0964,36.2383],[139.0576,36.1837],[139.0621,36.1531],[139.0485,36.1524],[139.037,36.1263],[139.016,36.1338],[138.9764,36.1173],[138.9595,36.1241],[138.9578,36.1079],[138.9312,36.0883],[138.904,36.0918],[138.8474,36.0671],[138.829,36.0413],[138.8285,36.0373],[138.7908,36.0295],[138.7704,36.0383],[138.755,36.0346],[138.7468,36.0147],[138.7127,35.9853],[138.7123,35.9697],[138.7387,35.9384],[138.7288,35.9093],[138.7503,35.9017],[138.7782,35.9001],[138.7911,35.8913],[138.793,35.8751],[138.8136,35.8623],[138.8463,35.8672],[138.8627,35.8589],[138.8929,35.8399],[138.915,35.8525],[138.944,35.8547],[138.9463,35.8687],[138.9682,35.8821],[139.0015,35.8844],[139.0239,35.8974],[139.0517,35.8782],[139.1002,35.8671],[139.1384,35.8643],[139.1634,35.8509],[139.1964,35.8401],[139.2091,35.8464],[139.2295,35.8373],[139.275,35.8396],[139.3015,35.8341],[139.3163,35.8189],[139.3304,35.7936],[139.3702,35.7912],[139.3815,35.7743],[139.3792,35.7711],[139.3919,35.7633],[139.404,35.7693],[139.4408,35.7669],[139.497,35.7787],[139.522,35.789],[139.5416,35.8074],[139.5436,35.7817],[139.5161,35.7655],[139.5478,35.7738],[139.5446,35.7548],[139.5628,35.7617],[139.5941,35.7787],[139.5969,35.7784],[139.609,35.7695],[139.6247,35.7795],[139.6472,35.7975],[139.6969,35.7989],[139.6976,35.7984],[139.7353,35.7897],[139.7378,35.7805],[139.7605,35.7979],[139.7677,35.8175],[139.7824,35.8072],[139.8211,35.8151],[139.8272,35.7936],[139.8468,35.7965],[139.8588,35.7945],[139.8767,35.7809],[139.8938,35.7827],[139.8886,35.7964],[139.8885,35.8302],[139.8992,35.8669],[139.8873,35.8965],[139.8747,35.9129],[139.8494,35.9383],[139.8334,35.9689],[139.8142,35.9979],[139.8174,36.0325],[139.8069,36.0432],[139.7896,36.0619],[139.7762,36.0909],[139.7703,36.0812],[139.7298,36.0879],[139.7271,36.1075],[139.7101,36.1359],[139.7031,36.1451],[139.6912,36.1726],[139.6879,36.1998],[139.6648,36.2072],[139.6503,36.1969],[139.6099,36.1969],[139.5879,36.2104],[139.5258,36.1913],[139.4957,36.1927],[139.4935,36.1922],[139.4572,36.1906],[139.4442,36.1969],[139.4168,36.2181],[139.3829,36.238],[139.3595,36.2532],[139.3278,36.2399]]]},"properties":{"pref":"11"}},
{"type":"Feature","geometry":{"type":"Polygon","coordinates":[[[140.1156,35.5505],[140.0981,35.5549],[140.0614,35.5437],[140.0112,35.484],[140.0228,35.4675],[140.0101,35.4787],[139.989,35.4698],[139.9657,35.4685],[139.9486,35.4422],[139.9052,35.432],[139.8992,35.4178],[139.9067,35.3894],[139.8875,35.3615],[139.8454,35.3747],[139.8522,35.3493],[139.8381,35.3589],[139.8231,35.3443],[139.8391,35.3337],[139.8164,35.3237],[139.8187,35.3037],[139.8528,35.2839],[139.8468,35.2716],[139.8624,35.2565],[139.8698,35.2349],[139.8665,35.2195],[139.8237,35.1967],[139.8181,35.1549],[139.8375,35.1353],[139.8248,35.1133],[139.8361,35.0997],[139.8422,35.0874],[139.8201,35.0662],[139.8321,35.0507],[139.8331,35.0321],[139.8567,35.0147],[139.8552,34.9897],[139.829,34.9907],[139.8242,34.9821],[139.7939,34.9737],[139.7539,34.9777],[139.7547,34.9636],[139.8116,34.9431],[139.8241,34.9327],[139.8244,34.9111],[139.8401,34.9042],[139.8868,34.9027],[139.9351,34.9139],[139.9642,34.9429],[139.961,34.9681],[139.9815,35.0113],[139.9968,35.0259],[140.0381,35.0514],[140.074,35.0563],[140.0796,35.0682],[140.1019,35.0772],[140.1104,35.1077],[140.1362,35.1215],[140.1685,35.1235],[140.2019,35.1097],[140.212,35.1143],[140.2336,35.1155],[140.249,35.1344],[140.2834,35.1334],[140.2989,35.1509],[140.3262,35.1401],[140.334,35.1649],[140.3468,35.1755],[140.3775,35.181],[140.385,35.1922],[140.4059,35.2405],[140.4011,35.2749],[140.4148,35.3069],[140.3979,35.3302],[140.3918,35.3831],[140.3972,35.4187],[140.4157,35.4717],[140.4303,35.4983],[140.4698,35.5475],[140.4968,35.5779],[140.5255,35.6025],[140.5597,35.6278],[140.6251,35.6724],[140.6554,35.6882],[140.6858,35.6982],[140.7202,35.7005],[140.737,35.6916],[140.7612,35.6979],[140.811,35.7123],[140.8308,35.7135],[140.8417,35.7033],[140.8635,35.7031],[140.869,35.736],[140.8519,35.7439],[140.8204,35.7396],[140.7468,35.7818],[140.7208,35.8135],[140.7061,35.8365],[140.6821,35.8495],[140.648,35.8556],[140.6318,35.8589],[140.6125,35.8901],[140.5989,35.9032],[140.5737,35.922],[140.5333,35.9413],[140.5113,35.9587],[140.4841,35.9099],[140.4585,35.9261],[140.4349,35.9117],[140.3988,35.9093],[140.379,35.9031],[140.3759,35.9023],[140.3557,35.8945],[140.3353,35.8726],[140.3176,35.8644],[140.2894,35.8714],[140.2731,35.8723],[140.2436,35.8554],[140.2137,35.862],[140.1679,35.8455],[140.1466,35.8456],[140.1272,35.8709],[140.089,35.8841],[140.0762,35.877],[140.0306,35.9009],[140.017,35.9106],[139.9952,35.9095],[139.9521,35.9357],[139.9321,35.9497],[139.9341,35.9684],[139.9237,35.9706],[139.8842,35.9889],[139.8785,36.0072],[139.8591,36.0275],[139.8202,36.0573],[139.8012,36.0919],[139.7868,36.1041],[139.7762,36.0909],[139.7896,36.0619],[139.8069,36.0432],[139.8174,36.0325],[139.8142,35.9979],[139.8334,35.9689],[139.8494,35.9383],[139.8747,35.9129],[139.8873,35.8965],[139.8992,35.8669],[139.8885,35.8302],[139.8886,35.7964],[139.8938,35.7827],[139.8805,35.7712],[139.89,35.7508],[139.8904,35.7504],[139.8971,35.7267],[139.9187,35.6978],[139.8859,35.6711],[139.887,35.6539],[139.8729,35.6385],[139.8726,35.6255],[139.8977,35.6167],[139.9396,35.6411],[139.9183,35.6555],[139.9633,35.6815],[139.9831,35.6817],[139.986,35.6639],[140.002,35.6657],[140.0198,35.6527],[140.0839,35.5967],[140.0913,35.5611],[140.1156,35.5505]]]},"properties":{"pref":"12"}},
{"type":"Feature","geometry":{"type":"MultiPolygon","coordinates":[[[[139.7895,35.6569],[139.7767,35.6422],[139.7986,35.6219],[139.8065,35.6406],[139.8452,35.643],[139.8729,35.6385],[139.887,35.6539],[139.8859,35.6711],[139.9187,35.6978],[139.8971,35.7267],[139.8904,35.7504],[139.89,35.7508],[139.8805,35.7712],[139.8938,35.7827],[139.8767,35.7809],[139.8588,35.7945],[139.8468,35.7965],[139.8272,35.7936],[139.8211,35.8151],[139.7824,35.8072],[139.7677,35.8175],[139.7605,35.7979],[139.7378,35.7805],[139.7353,35.7897],[139.6976,35.7984],[139.6969,35.7989],[139.6472,35.7975],[139.6247,35.7795],[139.609,35.7695],[139.5969,35.7784],[139.5941,35.7787],[139.5628,35.7617],[139.5446,35.7548],[139.5478,35.7738],[139.5161,35.7655],[139.5436,35.7817],[139.5416,35.8074],[139.522,35.789],[139.497,35.7787],[139.4408,35.7669],[139.404,35.7693],[139.3919,35.7633],[139.3792,35.7711],[139.3815,35.7743],[139.3702,35.7912],[139.3304,35.7936],[139.3163,35.8189],[139.3015,35.8341],[139.275,35.8396],[139.2295,35.8373],[139.2091,35.8464],[139.1964,35.8401],[139.1634,35.8509],[139.1384,35.8643],[139.1002,35.8671],[139.0517,35.8782],[139.0239,35.8974],[139.0015,35.8844],[138.9682,35.8821],[138.9463,35.8687],[138.944,35.8547],[138.9638,35.8293],[138.9709,35.8038],[138.986,35.779],[138.9837,35.7695],[139.0119,35.739],[139.0125,35.7388],[139.0256,35.7193],[139.0661,35.6982],[139.1085,35.6896],[139.131,35.6718],[139.1617,35.6679],[139.168,35.6511],[139.1842,35.6449],[139.2009,35.6525],[139.2329,35.6127],[139.2529,35.6019],[139.2689,35.6093],[139.3414,35.6048],[139.3986,35.5844],[139.4272,35.5523],[139.458,35.5281],[139.4553,35.5199],[139.4678,35.5022],[139.4862,35.5208],[139.4804,35.5577],[139.4697,35.5697],[139.4829,35.5713],[139.5072,35.5757],[139.4653,35.6091],[139.4493,35.6118],[139.4641,35.6245],[139.4904,35.6045],[139.4951,35.6175],[139.5146,35.6248],[139.5254,35.6427],[139.562,35.6325],[139.5902,35.6184],[139.6192,35.6135],[139.6551,35.5901],[139.6678,35.5865],[139.6783,35.5634],[139.7025,35.5539],[139.7034,35.5365],[139.7274,35.5435],[139.7575,35.5442],[139.7898,35.5267],[139.8087,35.5384],[139.7855,35.5705],[139.7632,35.5607],[139.7441,35.5894],[139.7504,35.6249],[139.7645,35.6561],[139.7895,35.6569]]],[[[139.7687,35.6265],[139.7677,35.6221],[139.7736,35.6203],[139.7819,35.6299],[139.7687,35.6265]]],[[[139.7495,35.5889],[139.7559,35.5772],[139.7833,35.5772],[139.7728,35.5956],[139.753,35.6177],[139.7495,35.5889]]],[[[139.4388,34.6786],[139.4492,34.6985],[139.4471,34.7456],[139.4345,34.7703],[139.4119,34.787],[139.3889,34.7887],[139.3603,34.7988],[139.3488,34.7646],[139.3564,34.7408],[139.3529,34.718],[139.3718,34.6991],[139.3967,34.6833],[139.4388,34.6786]]],[[[139.2753,34.5111],[139.2931,34.5242],[139.2753,34.5321],[139.2753,34.5111]]],[[[139.2725,34.3299],[139.2777,34.3888],[139.291,34.4083],[139.268,34.4146],[139.2554,34.3999],[139.2553,34.3835],[139.2426,34.3623],[139.2447,34.3476],[139.2725,34.3299]]],[[[139.129,34.1851],[139.146,34.188],[139.1539,34.2018],[139.1742,34.2151],[139.1694,34.232],[139.1416,34.2435],[139.1284,34.222],[139.129,34.1851]]],[[[139.5021,34.0454],[139.5294,34.0463],[139.5624,34.0685],[139.5649,34.1021],[139.5388,34.1237],[139.4982,34.1214],[139.4731,34.0765],[139.4826,34.0512],[139.5021,34.0454]]],[[[139.6208,33.852],[139.6321,33.8698],[139.6056,33.9007],[139.5905,33.8968],[139.5773,33.8805],[139.5778,33.8625],[139.5942,33.8543],[139.6208,33.852]]],[[[139.8322,33.0461],[139.8404,33.0753],[139.8581,33.0785],[139.8567,33.0994],[139.8464,33.1164],[139.8196,33.1197],[139.7714,33.158],[139.7468,33.1559],[139.7401,33.1305],[139.7548,33.1044],[139.7772,33.0973],[139.7811,33.0725],[139.8175,33.0588],[139.8322,33.0461]]],[[[139.7692,32.442],[139.7805,32.4481],[139.7697,32.4679],[139.7546,32.4689],[139.7557,32.4485],[139.7692,32.442]]],[[[142.22,27.1081],[142.2165,27.1323],[142.19,27.1247],[142.22,27.1081]]],[[[142.2207,27.0353],[142.2316,27.0575],[142.2323,27.0773],[142.2178,27.0993],[142.1862,27.1043],[142.1923,27.0895],[142.1879,27.0437],[142.2207,27.0353]]],[[[142.1789,26.6069],[142.1757,26.6541],[142.1635,26.662],[142.1636,26.6859],[142.1448,26.6737],[142.1552,26.6346],[142.17,26.6308],[142.1789,26.6069]]],[[[141.2782,25.4177],[141.2931,25.4262],[141.2913,25.4387],[141.2728,25.4397],[141.2782,25.4177]]],[[[141.2862,24.7452],[141.3475,24.7822],[141.3289,24.8117],[141.2869,24.7895],[141.2937,24.7802],[141.2862,24.7452]]]]},"properties":{"pref":"13"}},
{"type":"Feature","geometry":{"type":"MultiPolygon","coordinates":[[[[139.4829,35.5713],[139.4697,35.5697],[139.4804,35.5577],[139.4862,35.5208],[139.4678,35.5022],[139.4553,35.5199],[139.458,35.5281],[139.4272,35.5523],[139.3986,35.5844],[139.3414,35.6048],[139.2689,35.6093],[139.2529,35.6019],[139.2329,35.6127],[139.2009,35.6525],[139.1842,35.6449],[139.168,35.6511],[139.1617,35.6679],[139.131,35.6718],[139.1178,35.6531],[139.1239,35.6239],[139.1343,35.6163],[139.1282,35.5936],[139.1291,35.5637],[139.1119,35.5498],[139.113,35.5374],[139.0852,35.5121],[139.0662,35.5093],[139.0461,35.5097],[139.0266,35.4808],[138.9906,35.4741],[138.9372,35.4489],[138.9162,35.4005],[138.9954,35.4031],[139.0057,35.3743],[139.0123,35.3365],[139.0187,35.3298],[139.0048,35.2897],[138.9931,35.2849],[138.9752,35.2617],[138.976,35.2356],[138.9876,35.2012],[139.0015,35.1897],[139.0138,35.1822],[139.0261,35.1755],[139.0305,35.1497],[139.086,35.1409],[139.1115,35.1413],[139.1375,35.1485],[139.1452,35.1687],[139.1373,35.1788],[139.1435,35.2327],[139.2108,35.2781],[139.2341,35.2862],[139.2693,35.2973],[139.3301,35.3121],[139.3739,35.3149],[139.438,35.3189],[139.4886,35.3079],[139.5523,35.2994],[139.57,35.2848],[139.5767,35.2529],[139.5923,35.2463],[139.605,35.2229],[139.6045,35.2031],[139.6159,35.1899],[139.6182,35.1659],[139.607,35.1543],[139.6151,35.1389],[139.6814,35.1462],[139.6551,35.1747],[139.665,35.1928],[139.6852,35.2065],[139.725,35.2119],[139.7272,35.2395],[139.7437,35.2591],[139.6968,35.2647],[139.6648,35.293],[139.6409,35.3031],[139.6519,35.3216],[139.6383,35.3267],[139.6383,35.3266],[139.6318,35.3253],[139.6343,35.3365],[139.657,35.3416],[139.6455,35.3778],[139.6455,35.4029],[139.6697,35.4027],[139.6907,35.4392],[139.6603,35.4412],[139.6361,35.4521],[139.6448,35.4758],[139.6818,35.4782],[139.7114,35.4906],[139.766,35.5135],[139.7908,35.5078],[139.7898,35.5267],[139.7575,35.5442],[139.7274,35.5435],[139.7034,35.5365],[139.7025,35.5539],[139.6783,35.5634],[139.6678,35.5865],[139.6551,35.5901],[139.6192,35.6135],[139.5902,35.6184],[139.562,35.6325],[139.5254,35.6427],[139.5146,35.6248],[139.4951,35.6175],[139.4904,35.6045],[139.4641,35.6245],[139.4493,35.6118],[139.4653,35.6091],[139.5072,35.5757],[139.4829,35.5713]]],[[[139.6956,35.4496],[139.6925,35.472],[139.6731,35.4605],[139.6956,35.4496]]],[[[139.7254,35.4697],[139.7419,35.477],[139.7345,35.4947],[139.7146,35.4859],[139.7254,35.4697]]]]},"properties":{"pref":"14"}},
{"type":"Feature","geometry":{"type":"MultiPolygon","coordinates":[[[[138.7855,37.7075],[138.7678,37.6475],[138.7468,37.604],[138.7266,37.5783],[138.7122,37.5581],[138.6601,37.5237],[138.6169,37.4724],[138.5868,37.4199],[138.554,37.3783],[138.5355,37.3653],[138.4936,37.3517],[138.4181,37.3067],[138.3718,37.2682],[138.2963,37.2116],[138.226,37.1723],[138.1725,37.1634],[138.1358,37.1638],[138.1017,37.1744],[138.0676,37.1484],[138.051,37.1303],[138.019,37.1145],[138.0056,37.1151],[137.9397,37.0756],[137.909,37.06],[137.8322,37.0411],[137.8101,37.03],[137.7308,37.0032],[137.6549,36.9832],[137.6349,36.9803],[137.6675,36.9503],[137.711,36.9446],[137.7197,36.9263],[137.7136,36.8915],[137.7332,36.8701],[137.7299,36.8269],[137.745,36.8149],[137.7538,36.7948],[137.7499,36.7795],[137.7625,36.7664],[137.7647,36.7679],[137.82,36.7992],[137.8329,36.8204],[137.8764,36.8672],[137.8618,36.8923],[137.8714,36.9023],[137.9215,36.9199],[137.9493,36.9123],[137.9916,36.9106],[138.0137,36.9039],[138.0318,36.8899],[138.0169,36.8608],[138.0186,36.8417],[138.0033,36.8267],[138.047,36.8095],[138.0694,36.8049],[138.089,36.8361],[138.1152,36.8505],[138.1659,36.8448],[138.1966,36.8547],[138.2144,36.8677],[138.2682,36.8601],[138.2747,36.8411],[138.2961,36.8563],[138.2888,36.8705],[138.299,36.8873],[138.2903,36.8979],[138.2984,36.9131],[138.3184,36.9251],[138.3431,36.9209],[138.3577,36.9344],[138.3786,36.9807],[138.3947,36.9973],[138.4354,37.0078],[138.4563,37.0198],[138.492,37.0209],[138.5246,37.0305],[138.5394,37.0209],[138.5658,37.0214],[138.5864,36.9874],[138.5839,36.9283],[138.5971,36.9071],[138.6142,36.9079],[138.6267,36.8822],[138.6569,36.8687],[138.6784,36.8667],[138.6902,36.8461],[138.6802,36.8222],[138.6956,36.8075],[138.6723,36.7707],[138.6879,36.7659],[138.6957,36.7386],[138.7119,36.7388],[138.7263,36.7638],[138.7672,36.7466],[138.7894,36.745],[138.7945,36.7565],[138.8261,36.7717],[138.8298,36.7951],[138.8215,36.8171],[138.8549,36.8119],[138.8818,36.8258],[138.9284,36.8326],[138.9162,36.851],[138.9176,36.8698],[138.9321,36.8937],[138.979,36.8911],[138.9771,36.9199],[138.9677,36.9302],[138.9649,36.9557],[138.9697,36.9815],[138.9987,36.9794],[139.015,36.9882],[139.047,36.9875],[139.0541,36.9983],[139.0902,37.0196],[139.097,37.0588],[139.1218,37.0477],[139.1319,37.0267],[139.1792,36.9914],[139.1803,36.9647],[139.2052,36.9563],[139.2283,36.9613],[139.232,36.9406],[139.2514,36.9634],[139.2551,36.9895],[139.2443,37.0146],[139.2564,37.0571],[139.2395,37.0893],[139.2361,37.1162],[139.2528,37.1597],[139.2379,37.188],[139.2179,37.2097],[139.1949,37.2031],[139.1648,37.238],[139.178,37.2575],[139.2119,37.286],[139.2242,37.3197],[139.2178,37.3343],[139.2336,37.3439],[139.2366,37.3766],[139.2317,37.3877],[139.2098,37.3946],[139.1972,37.4109],[139.2231,37.449],[139.2524,37.4525],[139.2852,37.4511],[139.3261,37.4625],[139.3458,37.4605],[139.3623,37.4701],[139.3976,37.4601],[139.4137,37.4967],[139.4143,37.5095],[139.4568,37.5181],[139.4754,37.5031],[139.4968,37.5128],[139.5431,37.5123],[139.5643,37.5023],[139.5852,37.5131],[139.5661,37.5461],[139.5713,37.5769],[139.5651,37.5976],[139.5488,37.6113],[139.5468,37.6279],[139.5697,37.6541],[139.5936,37.6655],[139.615,37.6875],[139.6243,37.7098],[139.6497,37.7301],[139.6805,37.7751],[139.7284,37.8126],[139.7415,37.8179],[139.7238,37.8371],[139.7114,37.8545],[139.6821,37.8471],[139.6811,37.8472],[139.6574,37.8637],[139.6294,37.894],[139.6249,37.9187],[139.6372,37.9332],[139.6447,37.9652],[139.6437,37.9948],[139.6594,38.0389],[139.6794,38.0433],[139.6928,38.0572],[139.6914,38.0746],[139.6723,38.0771],[139.6829,38.1083],[139.6933,38.1155],[139.6917,38.1494],[139.6848,38.1597],[139.6826,38.1699],[139.7127,38.2066],[139.7583,38.1933],[139.7867,38.1929],[139.8022,38.2063],[139.8605,38.2317],[139.8765,38.2611],[139.9001,38.2761],[139.8988,38.2925],[139.8807,38.3031],[139.8752,38.317],[139.817,38.3559],[139.7912,38.3492],[139.7468,38.3619],[139.7326,38.3719],[139.7225,38.3943],[139.7042,38.3975],[139.7179,38.4246],[139.7135,38.4701],[139.7219,38.4966],[139.6933,38.5071],[139.654,38.5075],[139.6316,38.5221],[139.6016,38.5227],[139.5482,38.5534],[139.5464,38.5373],[139.5111,38.4885],[139.4968,38.4568],[139.4844,38.4453],[139.4574,38.3965],[139.46,38.3807],[139.4509,38.36],[139.4525,38.3365],[139.448,38.2718],[139.441,38.2457],[139.4504,38.2389],[139.4281,38.1979],[139.4274,38.1773],[139.4103,38.1527],[139.3537,38.0865],[139.3138,38.0495],[139.2882,38.0311],[139.2248,37.9921],[139.1533,37.9684],[139.0737,37.9519],[138.9968,37.9065],[138.8926,37.8535],[138.8654,37.8365],[138.8205,37.7947],[138.7878,37.7259],[138.7855,37.7075]]],[[[138.2449,37.8027],[138.262,37.8061],[138.3056,37.8271],[138.3415,37.8263],[138.3831,37.8456],[138.4299,37.8811],[138.4644,37.8937],[138.4897,37.9199],[138.5002,37.9207],[138.5043,37.9464],[138.5229,37.9805],[138.5464,38.0083],[138.5716,38.0651],[138.5607,38.0865],[138.5234,38.0726],[138.4918,38.0696],[138.4821,38.0624],[138.4398,38.0787],[138.4355,38.1165],[138.4505,38.1475],[138.4928,38.204],[138.4937,38.2235],[138.5094,38.2684],[138.5146,38.3325],[138.4855,38.3313],[138.4535,38.3085],[138.4408,38.2866],[138.439,38.2655],[138.3757,38.2283],[138.3458,38.2018],[138.3261,38.1942],[138.3054,38.1669],[138.3022,38.1525],[138.2817,38.1314],[138.2601,38.0971],[138.2423,38.0875],[138.2468,38.0759],[138.2331,38.061],[138.2395,38.0303],[138.2215,38.0222],[138.2338,38.0093],[138.2367,37.9719],[138.2549,37.965],[138.2744,38.0032],[138.3014,38.007],[138.3254,37.994],[138.3431,37.9645],[138.3094,37.9422],[138.2849,37.9199],[138.2894,37.8971],[138.2823,37.8677],[138.2643,37.8443],[138.2363,37.8401],[138.206,37.8281],[138.2172,37.8104],[138.2449,37.8027]]],[[[139.2224,38.4369],[139.2468,38.4525],[139.2604,38.4833],[139.2218,38.4591],[139.2224,38.4369]]]]},"properties":{"pref":"15"}},
{"type":"Feature","geometry":{"type":"Polygon","coordinates":[[[137.7038,36.5269],[137.6861,36.5372],[137.6887,36.5628],[137.7244,36.5865],[137.7524,36.5954],[137.7466,36.6246],[137.7615,36.6651],[137.7499,36.7044],[137.758,36.7412],[137.7518,36.7527],[137.7625,36.7664],[137.7499,36.7795],[137.7538,36.7948],[137.745,36.8149],[137.7299,36.8269],[137.7332,36.8701],[137.7136,36.8915],[137.7197,36.9263],[137.711,36.9446],[137.6675,36.9503],[137.6349,36.9803],[137.5857,36.9741],[137.5722,36.9639],[137.5426,36.9612],[137.4968,36.9561],[137.4351,36.9305],[137.4258,36.9225],[137.4095,36.8967],[137.4187,36.8768],[137.4094,36.8612],[137.4111,36.8481],[137.3821,36.8006],[137.3159,36.7589],[137.2919,36.7579],[137.2338,36.7655],[137.18,36.7577],[137.1301,36.772],[137.1032,36.7699],[137.0923,36.7723],[137.0932,36.7729],[137.0962,36.7747],[137.0677,36.7941],[137.0165,36.8296],[136.9968,36.8461],[136.9837,36.8728],[137.0321,36.9242],[137.0266,36.939],[137.0516,36.9595],[137.0373,36.9673],[137.004,36.9617],[136.9857,36.9654],[136.9725,36.9446],[136.9534,36.9563],[136.9281,36.9479],[136.9142,36.9305],[136.8853,36.9141],[136.8793,36.9068],[136.8813,36.8752],[136.8731,36.8679],[136.8621,36.8605],[136.8592,36.8284],[136.8487,36.8124],[136.8506,36.7869],[136.8449,36.7559],[136.8332,36.7433],[136.8193,36.7307],[136.7961,36.7299],[136.7891,36.7185],[136.8151,36.6999],[136.8198,36.6677],[136.7858,36.6297],[136.7893,36.6055],[136.8011,36.5696],[136.8169,36.5521],[136.7947,36.5081],[136.8023,36.4903],[136.7955,36.4731],[136.7964,36.4445],[136.7689,36.4297],[136.7953,36.3999],[136.8042,36.3556],[136.7841,36.3422],[136.7921,36.2991],[136.8268,36.3032],[136.842,36.3339],[136.8371,36.3475],[136.8756,36.3501],[136.8828,36.3423],[136.9072,36.361],[136.9467,36.3461],[136.9721,36.3092],[136.9602,36.2863],[136.9751,36.2745],[136.9865,36.2863],[137.0051,36.2881],[137.0244,36.3169],[137.0519,36.3302],[137.0488,36.3458],[137.0582,36.3721],[137.0787,36.3845],[137.0946,36.3841],[137.1111,36.4152],[137.121,36.4169],[137.1428,36.4441],[137.1607,36.4567],[137.1915,36.4553],[137.2051,36.4343],[137.2567,36.4517],[137.2789,36.4651],[137.317,36.4596],[137.3135,36.4251],[137.3587,36.4375],[137.3626,36.4503],[137.3949,36.4548],[137.4058,36.4263],[137.461,36.4125],[137.4748,36.4254],[137.5116,36.4233],[137.5172,36.4094],[137.5398,36.3926],[137.5873,36.3899],[137.605,36.4039],[137.608,36.4196],[137.6334,36.4257],[137.6401,36.4465],[137.6553,36.4609],[137.6511,36.4815],[137.6667,36.4943],[137.6696,36.5103],[137.7053,36.5185],[137.7038,36.5269]]]},"properties":{"pref":"16"}},
{"type":"Feature","geometry":{"type":"MultiPolygon","coordinates":[[[[136.7858,36.6297],[136.8198,36.6677],[136.8151,36.6999],[136.7891,36.7185],[136.7961,36.7299],[136.8193,36.7307],[136.8332,36.7433],[136.8449,36.7559],[136.8506,36.7869],[136.8487,36.8124],[136.8592,36.8284],[136.8621,36.8605],[136.8731,36.8679],[136.8813,36.8752],[136.8793,36.9068],[136.8853,36.9141],[136.9142,36.9305],[136.9281,36.9479],[136.9534,36.9563],[136.9725,36.9446],[136.9857,36.9654],[137.004,36.9617],[137.0373,36.9673],[137.0516,36.9595],[137.0537,36.9952],[137.0466,37.0391],[137.0531,37.0767],[137.0513,37.1068],[137.0299,37.1071],[137.0136,37.0907],[137.0041,37.0574],[136.9709,37.0477],[136.94,37.0681],[136.9419,37.0838],[136.9154,37.0909],[136.8983,37.0721],[136.8816,37.0685],[136.8711,37.0889],[136.8734,37.1143],[136.8927,37.1113],[136.8996,37.1375],[136.8752,37.1415],[136.889,37.1691],[136.9117,37.1934],[136.918,37.2214],[136.9413,37.2291],[136.9576,37.2086],[136.9911,37.1999],[137.007,37.1837],[137.025,37.1878],[137.0357,37.2061],[137.0688,37.2181],[137.0667,37.2286],[137.0832,37.2485],[137.094,37.2571],[137.0989,37.2791],[137.1639,37.3048],[137.2281,37.2965],[137.2468,37.3075],[137.2676,37.3365],[137.2468,37.3566],[137.2388,37.3735],[137.2374,37.3895],[137.2568,37.4318],[137.2898,37.4426],[137.3404,37.4411],[137.3605,37.4518],[137.3397,37.4867],[137.351,37.5032],[137.3251,37.5297],[137.282,37.5273],[137.2607,37.5307],[137.1775,37.5001],[137.146,37.4996],[137.0942,37.4787],[137.0857,37.4663],[137.0708,37.4548],[136.9243,37.3953],[136.8742,37.4073],[136.8425,37.4004],[136.8006,37.376],[136.756,37.3643],[136.7568,37.3524],[136.7249,37.3275],[136.7249,37.2939],[136.7349,37.2862],[136.7212,37.2569],[136.7,37.2423],[136.6962,37.2198],[136.6821,37.1958],[136.6701,37.1491],[136.6764,37.1384],[136.721,37.1423],[136.7284,37.1257],[136.7294,37.0983],[136.718,37.0781],[136.7226,37.0557],[136.7461,37.0301],[136.7434,37.0123],[136.7661,37.0032],[136.7682,36.9639],[136.7487,36.9309],[136.7652,36.9199],[136.7667,36.9021],[136.7577,36.8664],[136.7474,36.8365],[136.7241,36.7901],[136.6691,36.7013],[136.6193,36.6381],[136.5566,36.5679],[136.4647,36.472],[136.4264,36.4303],[136.3718,36.3839],[136.3271,36.3568],[136.2993,36.3519],[136.2708,36.3155],[136.2437,36.2956],[136.2578,36.2889],[136.2635,36.2691],[136.3002,36.2584],[136.3318,36.2293],[136.329,36.2021],[136.344,36.1729],[136.3595,36.1655],[136.4092,36.1719],[136.4123,36.1599],[136.4401,36.1374],[136.4642,36.1383],[136.4915,36.1584],[136.4968,36.1498],[136.5329,36.1482],[136.5516,36.155],[136.5634,36.1447],[136.603,36.1278],[136.6172,36.1067],[136.6443,36.0961],[136.6582,36.0697],[136.6745,36.0677],[136.7159,36.0819],[136.754,36.0864],[136.7648,36.1057],[136.7779,36.1305],[136.7682,36.1643],[136.7984,36.1728],[136.8022,36.1877],[136.8178,36.201],[136.8515,36.2484],[136.8326,36.2661],[136.8145,36.2663],[136.7921,36.2991],[136.7841,36.3422],[136.8042,36.3556],[136.7953,36.3999],[136.7689,36.4297],[136.7964,36.4445],[136.7955,36.4731],[136.8023,36.4903],[136.7947,36.5081],[136.8169,36.5521],[136.8011,36.5696],[136.7893,36.6055],[136.7858,36.6297]]],[[[136.9464,37.0915],[136.9652,37.1048],[137.0402,37.1175],[137.0408,37.1397],[137.0539,37.1497],[137.0392,37.168],[137.023,37.1441],[136.9885,37.1427],[136.9862,37.1512],[136.9515,37.1443],[136.9262,37.1447],[136.9069,37.1334],[136.932,37.1217],[136.9464,37.0915]]]]},"properties":{"pref":"17"}},
{"type":"Feature","geometry":{"type":"Polygon","coordinates":[[[135.9639,35.9977],[135.9583,35.9761],[135.9968,35.9355],[135.9934,35.8944],[136.0108,35.8724],[136.0694,35.8249],[136.1,35.7771],[136.0979,35.7654],[136.0973,35.7241],[136.079,35.7047],[136.0765,35.6665],[136.0645,35.6587],[136.025,35.6806],[136.0412,35.6984],[136.0373,35.7278],[136.0169,35.7639],[135.9797,35.7329],[135.9643,35.7302],[135.9766,35.6847],[135.9666,35.6607],[135.9859,35.6414],[135.9801,35.6299],[135.9212,35.6095],[135.8981,35.6237],[135.8658,35.6086],[135.8338,35.6367],[135.8143,35.6423],[135.8354,35.616],[135.8536,35.603],[135.8567,35.5819],[135.8337,35.5621],[135.8147,35.5715],[135.8336,35.5363],[135.7979,35.5251],[135.7785,35.5498],[135.7574,35.543],[135.7486,35.5665],[135.7132,35.569],[135.6904,35.5495],[135.7169,35.5401],[135.7163,35.5218],[135.7506,35.5302],[135.7359,35.4931],[135.7,35.4935],[135.675,35.4876],[135.6622,35.4938],[135.6447,35.4788],[135.62,35.486],[135.6045,35.4824],[135.6061,35.4901],[135.6271,35.4919],[135.6419,35.5081],[135.6322,35.5183],[135.657,35.5313],[135.6514,35.5455],[135.631,35.5375],[135.619,35.5199],[135.6022,35.5139],[135.5756,35.4932],[135.5342,35.4889],[135.5082,35.5032],[135.5158,35.5269],[135.4801,35.5223],[135.4718,35.5349],[135.4865,35.558],[135.4599,35.5472],[135.449,35.5235],[135.4743,35.507],[135.4588,35.4725],[135.4699,35.4545],[135.4857,35.4486],[135.4958,35.4251],[135.5253,35.4207],[135.534,35.3775],[135.5656,35.3773],[135.6419,35.3668],[135.675,35.3507],[135.7007,35.3437],[135.7185,35.3553],[135.7684,35.3561],[135.7905,35.3867],[135.8071,35.3853],[135.812,35.4117],[135.8528,35.4115],[135.8616,35.3951],[135.8904,35.4038],[135.8927,35.4199],[135.9131,35.4314],[135.9101,35.4478],[135.9241,35.4895],[135.9467,35.5204],[135.9815,35.4868],[136.0059,35.4916],[136.0261,35.5296],[136.0491,35.5346],[136.0699,35.5266],[136.0831,35.5404],[136.1051,35.5288],[136.1123,35.5755],[136.1632,35.5707],[136.1767,35.5961],[136.1509,35.6497],[136.1342,35.6699],[136.15,35.6978],[136.1911,35.7013],[136.1993,35.6895],[136.2647,35.6705],[136.2806,35.6587],[136.2986,35.6777],[136.2917,35.6851],[136.3236,35.7169],[136.3189,35.7491],[136.3283,35.7751],[136.3567,35.7869],[136.3775,35.7952],[136.4156,35.7825],[136.4456,35.7731],[136.4586,35.7791],[136.4843,35.7753],[136.5134,35.7624],[136.5233,35.7883],[136.5375,35.7811],[136.5709,35.7776],[136.5897,35.7956],[136.6216,35.7878],[136.6382,35.7985],[136.6658,35.7852],[136.7102,35.7929],[136.7233,35.8082],[136.7414,35.8013],[136.7572,35.8097],[136.7891,35.7995],[136.8026,35.8439],[136.8263,35.8465],[136.832,35.8581],[136.8191,35.8819],[136.8221,35.8962],[136.8116,35.9125],[136.7844,35.9244],[136.7915,35.9467],[136.7535,35.9563],[136.7507,35.9904],[136.7264,35.9959],[136.7398,36.0571],[136.7638,36.0677],[136.754,36.0864],[136.7159,36.0819],[136.6745,36.0677],[136.6582,36.0697],[136.6443,36.0961],[136.6172,36.1067],[136.603,36.1278],[136.5634,36.1447],[136.5516,36.155],[136.5329,36.1482],[136.4968,36.1498],[136.4915,36.1584],[136.4642,36.1383],[136.4401,36.1374],[136.4123,36.1599],[136.4092,36.1719],[136.3595,36.1655],[136.344,36.1729],[136.329,36.2021],[136.3318,36.2293],[136.3002,36.2584],[136.2635,36.2691],[136.2578,36.2889],[136.2437,36.2956],[136.1828,36.2579],[136.1589,36.2501],[136.1232,36.2493],[136.132,36.2141],[136.0998,36.173],[136.095,36.1568],[136.0668,36.1324],[136.0543,36.1283],[136.0468,36.1085],[136.0338,36.1031],[136.0108,36.0341],[135.9836,36.0087],[135.9639,35.9977]]]},"properties":{"pref":"18"}},
{"type":"Feature","geometry":{"type":"Polygon","coordinates":[[[138.6215,35.8704],[138.6066,35.8806],[138.6055,35.9087],[138.5906,35.9196],[138.5762,35.9115],[138.554,35.9191],[138.529,35.9147],[138.5093,35.922],[138.4976,35.9115],[138.4901,35.8964],[138.4544,35.9003],[138.4447,35.9183],[138.4541,35.9391],[138.4403,35.9523],[138.3703,35.9715],[138.3701,35.9709],[138.36,35.9569],[138.3451,35.9411],[138.3415,35.9253],[138.2922,35.8667],[138.2772,35.862],[138.2483,35.8859],[138.2379,35.8822],[138.2253,35.8566],[138.1855,35.7949],[138.2006,35.7808],[138.2293,35.7533],[138.1803,35.7128],[138.194,35.6949],[138.1946,35.6714],[138.2186,35.6445],[138.2283,35.646],[138.2288,35.6251],[138.2404,35.6045],[138.2455,35.5616],[138.2594,35.5519],[138.2584,35.5297],[138.268,35.5157],[138.2603,35.5047],[138.2572,35.4752],[138.2443,35.4558],[138.2556,35.4443],[138.2571,35.4067],[138.2468,35.4],[138.233,35.3708],[138.2511,35.3623],[138.2562,35.3186],[138.2856,35.3046],[138.2969,35.3165],[138.3355,35.3265],[138.3586,35.3173],[138.3724,35.2994],[138.3673,35.2721],[138.3857,35.2452],[138.3986,35.2003],[138.4189,35.1983],[138.4292,35.1819],[138.4778,35.1773],[138.4916,35.1685],[138.5223,35.1991],[138.5322,35.2234],[138.5146,35.2632],[138.5205,35.2856],[138.5125,35.3141],[138.5349,35.3306],[138.528,35.3789],[138.5316,35.4062],[138.5589,35.4341],[138.5819,35.4457],[138.5979,35.4308],[138.6096,35.3932],[138.6389,35.3982],[138.6711,35.3928],[138.6804,35.3577],[138.73,35.3645],[138.8028,35.3763],[138.8199,35.3757],[138.8624,35.3901],[138.8718,35.3818],[138.9162,35.4005],[138.9372,35.4489],[138.9906,35.4741],[139.0266,35.4808],[139.0461,35.5097],[139.0662,35.5093],[139.0852,35.5121],[139.113,35.5374],[139.1119,35.5498],[139.1291,35.5637],[139.1282,35.5936],[139.1343,35.6163],[139.1239,35.6239],[139.1178,35.6531],[139.131,35.6718],[139.1085,35.6896],[139.0661,35.6982],[139.0256,35.7193],[139.0125,35.7388],[139.0119,35.739],[138.9837,35.7695],[138.986,35.779],[138.9709,35.8038],[138.9638,35.8293],[138.944,35.8547],[138.915,35.8525],[138.8929,35.8399],[138.8627,35.8589],[138.8463,35.8672],[138.8136,35.8623],[138.793,35.8751],[138.7911,35.8913],[138.7782,35.9001],[138.7503,35.9017],[138.7288,35.9093],[138.7076,35.9094],[138.6854,35.8933],[138.6761,35.8699],[138.6611,35.8737],[138.6215,35.8704]]]},"properties":{"pref":"19"}},
{"type":"Feature","geometry":{"type":"Polygon","coordinates":[[[138.0033,36.8267],[138.0186,36.8417],[138.0169,36.8608],[138.0318,36.8899],[138.0137,36.9039],[137.9916,36.9106],[137.9493,36.9123],[137.9215,36.9199],[137.8714,36.9023],[137.8618,36.8923],[137.8764,36.8672],[137.8329,36.8204],[137.82,36.7992],[137.7647,36.7679],[137.7625,36.7664],[137.7518,36.7527],[137.758,36.7412],[137.7499,36.7044],[137.7615,36.6651],[137.7466,36.6246],[137.7524,36.5954],[137.7244,36.5865],[137.6887,36.5628],[137.6861,36.5372],[137.7038,36.5269],[137.7053,36.5185],[137.6696,36.5103],[137.6667,36.4943],[137.6511,36.4815],[137.6553,36.4609],[137.6401,36.4465],[137.6334,36.4257],[137.608,36.4196],[137.605,36.4039],[137.5873,36.3899],[137.587,36.3737],[137.6182,36.3651],[137.6455,36.3414],[137.6506,36.3269],[137.6467,36.2889],[137.6147,36.2649],[137.5739,36.2097],[137.5909,36.1841],[137.5896,36.1635],[137.5676,36.1536],[137.551,36.1098],[137.5742,36.0873],[137.6138,36.0614],[137.5976,36.0421],[137.5993,36.0259],[137.5881,36.0056],[137.5431,35.9825],[137.5418,35.9679],[137.524,35.9436],[137.5054,35.9406],[137.483,35.9139],[137.4761,35.894],[137.4581,35.8895],[137.4364,35.9051],[137.4173,35.9037],[137.3802,35.8919],[137.3646,35.8782],[137.3671,35.8615],[137.3554,35.8425],[137.3354,35.8439],[137.3256,35.8122],[137.3376,35.7981],[137.3602,35.796],[137.394,35.7971],[137.3984,35.7758],[137.4341,35.7706],[137.4589,35.7613],[137.4662,35.7426],[137.4874,35.7165],[137.4853,35.7079],[137.5091,35.6825],[137.5351,35.6648],[137.545,35.6499],[137.5261,35.6336],[137.5145,35.6071],[137.5368,35.5865],[137.571,35.5835],[137.5648,35.5659],[137.5818,35.5387],[137.6173,35.5263],[137.6317,35.5091],[137.6243,35.4998],[137.6314,35.4699],[137.618,35.4677],[137.5933,35.4467],[137.6175,35.4265],[137.6335,35.3991],[137.6127,35.3917],[137.575,35.4],[137.5983,35.3781],[137.604,35.3365],[137.5749,35.3169],[137.5569,35.3101],[137.5618,35.2893],[137.557,35.2642],[137.5459,35.2532],[137.5528,35.2401],[137.578,35.218],[137.5785,35.1984],[137.6534,35.2175],[137.6636,35.2278],[137.7076,35.2321],[137.7217,35.2307],[137.7217,35.2226],[137.7597,35.2215],[137.7797,35.2032],[137.8229,35.2158],[137.838,35.2125],[137.8481,35.2215],[137.8718,35.2188],[137.8824,35.2481],[137.8952,35.2579],[137.9127,35.2533],[137.9305,35.2757],[137.9672,35.2833],[137.9948,35.3022],[138.0187,35.3009],[138.0266,35.3207],[138.0717,35.3465],[138.0873,35.3379],[138.094,35.3513],[138.1218,35.3671],[138.1419,35.3707],[138.1521,35.3981],[138.1344,35.4091],[138.1387,35.4232],[138.1214,35.4286],[138.1204,35.4547],[138.1552,35.4589],[138.1599,35.4882],[138.1401,35.5032],[138.1381,35.5219],[138.1594,35.5451],[138.1468,35.5589],[138.1518,35.5703],[138.1628,35.5815],[138.1899,35.5787],[138.2058,35.609],[138.2043,35.6325],[138.2186,35.6445],[138.1946,35.6714],[138.194,35.6949],[138.1803,35.7128],[138.2293,35.7533],[138.2006,35.7808],[138.1855,35.7949],[138.2253,35.8566],[138.2379,35.8822],[138.2483,35.8859],[138.2772,35.862],[138.2922,35.8667],[138.3415,35.9253],[138.3451,35.9411],[138.36,35.9569],[138.3701,35.9709],[138.3703,35.9715],[138.4403,35.9523],[138.4541,35.9391],[138.4447,35.9183],[138.4544,35.9003],[138.4901,35.8964],[138.4976,35.9115],[138.5093,35.922],[138.529,35.9147],[138.554,35.9191],[138.5762,35.9115],[138.5906,35.9196],[138.6055,35.9087],[138.6066,35.8806],[138.6215,35.8704],[138.6611,35.8737],[138.6761,35.8699],[138.6854,35.8933],[138.7076,35.9094],[138.7288,35.9093],[138.7387,35.9384],[138.7123,35.9697],[138.7127,35.9853],[138.6886,35.9918],[138.6808,36.0107],[138.6624,36.0115],[138.6314,36.0283],[138.6438,36.0507],[138.6306,36.0913],[138.645,36.0989],[138.645,36.1197],[138.6346,36.1336],[138.598,36.1381],[138.5773,36.1681],[138.6114,36.1676],[138.637,36.1745],[138.6228,36.197],[138.6369,36.2044],[138.6218,36.215],[138.6031,36.2479],[138.6004,36.2785],[138.6439,36.2934],[138.6535,36.3031],[138.6483,36.4075],[138.6443,36.4115],[138.6124,36.4228],[138.5709,36.4196],[138.5556,36.4181],[138.5414,36.4038],[138.5197,36.4069],[138.5067,36.414],[138.4936,36.4137],[138.4898,36.4016],[138.4576,36.4117],[138.4436,36.4215],[138.4009,36.4347],[138.4034,36.4521],[138.3972,36.4887],[138.4124,36.5415],[138.4285,36.5556],[138.4203,36.5771],[138.4415,36.6107],[138.4534,36.6133],[138.458,36.6333],[138.4728,36.6435],[138.5118,36.6469],[138.5252,36.6515],[138.5344,36.6664],[138.5188,36.6757],[138.5198,36.6889],[138.5434,36.7039],[138.5955,36.7147],[138.6098,36.7065],[138.6218,36.7204],[138.642,36.7239],[138.6957,36.7386],[138.6879,36.7659],[138.6723,36.7707],[138.6956,36.8075],[138.6802,36.8222],[138.6902,36.8461],[138.6784,36.8667],[138.6569,36.8687],[138.6267,36.8822],[138.6142,36.9079],[138.5971,36.9071],[138.5839,36.9283],[138.5864,36.9874],[138.5658,37.0214],[138.5394,37.0209],[138.5246,37.0305],[138.492,37.0209],[138.4563,37.0198],[138.4354,37.0078],[138.3947,36.9973],[138.3786,36.9807],[138.3577,36.9344],[138.3431,36.9209],[138.3184,36.9251],[138.2984,36.9131],[138.2903,36.8979],[138.299,36.8873],[138.2888,36.8705],[138.2961,36.8563],[138.2747,36.8411],[138.2682,36.8601],[138.2144,36.8677],[138.1966,36.8547],[138.1659,36.8448],[138.1152,36.8505],[138.089,36.8361],[138.0694,36.8049],[138.047,36.8095],[138.0033,36.8267]]]},"properties":{"pref":"20"}},
{"type":"Feature","geometry":{"type":"Polygon","coordinates":[[[136.5275,35.2575],[136.5359,35.2501],[136.5494,35.2337],[136.5606,35.2065],[136.575,35.2019],[136.594,35.1809],[136.6161,35.1495],[136.656,35.1599],[136.6725,35.1347],[136.6719,35.1878],[136.6831,35.2003],[136.6797,35.2281],[136.6777,35.241],[136.7044,35.2755],[136.7252,35.2955],[136.7536,35.3449],[136.7743,35.3697],[136.7769,35.3695],[136.7941,35.3667],[136.8338,35.3559],[136.8624,35.3699],[136.8924,35.3781],[136.9211,35.3791],[136.9611,35.3993],[136.9609,35.4145],[136.993,35.4243],[136.9887,35.401],[137.0036,35.3811],[137.0474,35.365],[137.0462,35.3397],[137.0681,35.3351],[137.063,35.3185],[137.096,35.2907],[137.1022,35.3016],[137.1315,35.2935],[137.1453,35.2799],[137.1652,35.2825],[137.1761,35.2703],[137.1898,35.2528],[137.2224,35.2557],[137.2607,35.2753],[137.2756,35.2905],[137.3078,35.2911],[137.3452,35.2726],[137.3516,35.2579],[137.3718,35.2631],[137.3892,35.24],[137.417,35.2402],[137.4297,35.2228],[137.4422,35.2337],[137.4968,35.2592],[137.5207,35.2739],[137.5618,35.2893],[137.5569,35.3101],[137.5749,35.3169],[137.604,35.3365],[137.5983,35.3781],[137.575,35.4],[137.6127,35.3917],[137.6335,35.3991],[137.6175,35.4265],[137.5933,35.4467],[137.618,35.4677],[137.6314,35.4699],[137.6243,35.4998],[137.6317,35.5091],[137.6173,35.5263],[137.5818,35.5387],[137.5648,35.5659],[137.571,35.5835],[137.5368,35.5865],[137.5145,35.6071],[137.5261,35.6336],[137.545,35.6499],[137.5351,35.6648],[137.5091,35.6825],[137.4853,35.7079],[137.4874,35.7165],[137.4662,35.7426],[137.4589,35.7613],[137.4341,35.7706],[137.3984,35.7758],[137.394,35.7971],[137.3602,35.796],[137.3376,35.7981],[137.3256,35.8122],[137.3354,35.8439],[137.3554,35.8425],[137.3671,35.8615],[137.3646,35.8782],[137.3802,35.8919],[137.4173,35.9037],[137.4364,35.9051],[137.4581,35.8895],[137.4761,35.894],[137.483,35.9139],[137.5054,35.9406],[137.524,35.9436],[137.5418,35.9679],[137.5431,35.9825],[137.5881,36.0056],[137.5993,36.0259],[137.5976,36.0421],[137.6138,36.0614],[137.5742,36.0873],[137.551,36.1098],[137.5676,36.1536],[137.5896,36.1635],[137.5909,36.1841],[137.5739,36.2097],[137.6147,36.2649],[137.6467,36.2889],[137.6506,36.3269],[137.6455,36.3414],[137.6182,36.3651],[137.587,36.3737],[137.5873,36.3899],[137.5398,36.3926],[137.5172,36.4094],[137.5116,36.4233],[137.4748,36.4254],[137.461,36.4125],[137.4058,36.4263],[137.3949,36.4548],[137.3626,36.4503],[137.3587,36.4375],[137.3135,36.4251],[137.317,36.4596],[137.2789,36.4651],[137.2567,36.4517],[137.2051,36.4343],[137.1915,36.4553],[137.1607,36.4567],[137.1428,36.4441],[137.121,36.4169],[137.1111,36.4152],[137.0946,36.3841],[137.0787,36.3845],[137.0582,36.3721],[137.0488,36.3458],[137.0519,36.3302],[137.0244,36.3169],[137.0051,36.2881],[136.9865,36.2863],[136.9751,36.2745],[136.9602,36.2863],[136.9721,36.3092],[136.9467,36.3461],[136.9072,36.361],[136.8828,36.3423],[136.8756,36.3501],[136.8371,36.3475],[136.842,36.3339],[136.8268,36.3032],[136.7921,36.2991],[136.8145,36.2663],[136.8326,36.2661],[136.8515,36.2484],[136.8178,36.201],[136.8022,36.1877],[136.7984,36.1728],[136.7682,36.1643],[136.7779,36.1305],[136.7648,36.1057],[136.754,36.0864],[136.7638,36.0677],[136.7398,36.0571],[136.7264,35.9959],[136.7507,35.9904],[136.7535,35.9563],[136.7915,35.9467],[136.7844,35.9244],[136.8116,35.9125],[136.8221,35.8962],[136.8191,35.8819],[136.832,35.8581],[136.8263,35.8465],[136.8026,35.8439],[136.7891,35.7995],[136.7572,35.8097],[136.7414,35.8013],[136.7233,35.8082],[136.7102,35.7929],[136.6658,35.7852],[136.6382,35.7985],[136.6216,35.7878],[136.5897,35.7956],[136.5709,35.7776],[136.5375,35.7811],[136.5233,35.7883],[136.5134,35.7624],[136.4843,35.7753],[136.4586,35.7791],[136.4456,35.7731],[136.4156,35.7825],[136.3775,35.7952],[136.3567,35.7869],[136.3283,35.7751],[136.3189,35.7491],[136.3236,35.7169],[136.2917,35.6851],[136.2986,35.6777],[136.2806,35.6587],[136.2789,35.6369],[136.2887,35.6203],[136.3154,35.6233],[136.3231,35.5865],[136.3178,35.5469],[136.3377,35.5494],[136.3457,35.536],[136.3718,35.5597],[136.3849,35.5329],[136.4002,35.5299],[136.3982,35.5103],[136.3876,35.4956],[136.4034,35.4694],[136.4197,35.4665],[136.4255,35.4477],[136.4115,35.4186],[136.4441,35.3895],[136.4152,35.3735],[136.4212,35.3531],[136.4023,35.3003],[136.3915,35.2871],[136.3931,35.2532],[136.3781,35.2427],[136.4149,35.2177],[136.427,35.2271],[136.4421,35.2171],[136.462,35.2361],[136.5024,35.2347],[136.5275,35.2575]]]},"properties":{"pref":"21"}},
{"type":"Feature","geometry":{"type":"Polygon","coordinates":[[[138.2186,35.6445],[138.2043,35.6325],[138.2058,35.609],[138.1899,35.5787],[138.1628,35.5815],[138.1518,35.5703],[138.1468,35.5589],[138.1594,35.5451],[138.1381,35.5219],[138.1401,35.5032],[138.1599,35.4882],[138.1552,35.4589],[138.1204,35.4547],[138.1214,35.4286],[138.1387,35.4232],[138.1344,35.4091],[138.1521,35.3981],[138.1419,35.3707],[138.1218,35.3671],[138.094,35.3513],[138.0873,35.3379],[138.0717,35.3465],[138.0266,35.3207],[138.0187,35.3009],[137.9948,35.3022],[137.9672,35.2833],[137.9305,35.2757],[137.9127,35.2533],[137.8952,35.2579],[137.8824,35.2481],[137.8718,35.2188],[137.8481,35.2215],[137.838,35.2125],[137.822,35.2039],[137.8084,35.1763],[137.8285,35.1537],[137.7987,35.1254],[137.8002,35.1053],[137.7782,35.0995],[137.7746,35.0771],[137.7365,35.0525],[137.7172,35.035],[137.7047,35.0147],[137.7073,34.9952],[137.6883,34.9563],[137.6614,34.9457],[137.6508,34.9318],[137.6398,34.8921],[137.6168,34.8773],[137.5971,34.8722],[137.5868,34.8499],[137.551,34.8517],[137.4987,34.8267],[137.4868,34.8114],[137.4928,34.7867],[137.481,34.781],[137.4756,34.7471],[137.491,34.7001],[137.4839,34.6738],[137.5322,34.6781],[137.5977,34.6779],[137.6782,34.6699],[137.7468,34.657],[137.7986,34.6447],[137.8471,34.6569],[137.9115,34.667],[137.9699,34.6654],[138.0273,34.6555],[138.0781,34.6422],[138.1931,34.6001],[138.2267,34.5946],[138.206,34.6205],[138.1942,34.6376],[138.1976,34.6699],[138.2195,34.7173],[138.2458,34.7402],[138.2949,34.7667],[138.2995,34.7785],[138.3387,34.8326],[138.3242,34.8532],[138.3258,34.866],[138.3483,34.8985],[138.3573,34.9151],[138.3979,34.9298],[138.4136,34.9423],[138.4734,34.9611],[138.5148,34.9835],[138.5332,35.0131],[138.4947,35.0217],[138.513,35.0431],[138.533,35.0553],[138.5566,35.0997],[138.5737,35.1102],[138.6393,35.1149],[138.6977,35.1367],[138.7525,35.1311],[138.7939,35.1209],[138.8278,35.107],[138.8539,35.0801],[138.8718,35.0708],[138.8871,35.0465],[138.8827,35.0247],[138.8456,35.0139],[138.828,35.0229],[138.7868,35.0239],[138.7789,35.0003],[138.7632,34.9751],[138.7758,34.939],[138.7897,34.908],[138.7561,34.8845],[138.767,34.8585],[138.7644,34.8311],[138.7524,34.8227],[138.7528,34.7999],[138.7758,34.7625],[138.7417,34.7227],[138.7407,34.7002],[138.7914,34.6619],[138.7734,34.655],[138.7889,34.6391],[138.794,34.6225],[138.8436,34.6011],[138.8523,34.6119],[138.9048,34.6289],[138.9193,34.6531],[138.9363,34.6594],[138.9786,34.6539],[138.9838,34.6684],[138.9734,34.6907],[138.9787,34.7087],[138.9925,34.7176],[139.0063,34.7525],[139.0258,34.7641],[139.0583,34.7848],[139.0628,34.8016],[139.0793,34.8252],[139.0825,34.8521],[139.1027,34.8695],[139.1314,34.8789],[139.1324,34.8963],[139.1472,34.9298],[139.1462,34.9534],[139.1276,34.9691],[139.0957,34.9756],[139.0835,35.0032],[139.0984,35.0075],[139.0985,35.0314],[139.0995,35.0461],[139.0739,35.0468],[139.0793,35.0693],[139.0746,35.0927],[139.1115,35.1413],[139.086,35.1409],[139.0305,35.1497],[139.0261,35.1755],[139.0138,35.1822],[139.0015,35.1897],[138.9876,35.2012],[138.976,35.2356],[138.9752,35.2617],[138.9931,35.2849],[139.0048,35.2897],[139.0187,35.3298],[139.0123,35.3365],[139.0057,35.3743],[138.9954,35.4031],[138.9162,35.4005],[138.8718,35.3818],[138.8624,35.3901],[138.8199,35.3757],[138.8028,35.3763],[138.73,35.3645],[138.6804,35.3577],[138.6711,35.3928],[138.6389,35.3982],[138.6096,35.3932],[138.5979,35.4308],[138.5819,35.4457],[138.5589,35.4341],[138.5316,35.4062],[138.528,35.3789],[138.5349,35.3306],[138.5125,35.3141],[138.5205,35.2856],[138.5146,35.2632],[138.5322,35.2234],[138.5223,35.1991],[138.4916,35.1685],[138.4778,35.1773],[138.4292,35.1819],[138.4189,35.1983],[138.3986,35.2003],[138.3857,35.2452],[138.3673,35.2721],[138.3724,35.2994],[138.3586,35.3173],[138.3355,35.3265],[138.2969,35.3165],[138.2856,35.3046],[138.2562,35.3186],[138.2511,35.3623],[138.233,35.3708],[138.2468,35.4],[138.2571,35.4067],[138.2556,35.4443],[138.2443,35.4558],[138.2572,35.4752],[138.2603,35.5047],[138.268,35.5157],[138.2584,35.5297],[138.2594,35.5519],[138.2455,35.5616],[138.2404,35.6045],[138.2288,35.6251],[138.2283,35.646],[138.2186,35.6445]]]},"properties":{"pref":"22"}},
{"type":"Feature","geometry":{"type":"MultiPolygon","coordinates":[[[[136.8703,35.0463],[136.8518,35.0162],[136.8696,35.0083],[136.8489,35.0104],[136.8411,34.9903],[136.8202,34.9662],[136.825,34.9394],[136.8211,34.8837],[136.8571,34.8624],[136.8663,34.8365],[136.8615,34.814],[136.8415,34.7629],[136.8514,34.7485],[136.8718,34.7315],[136.9278,34.7059],[136.9487,34.6999],[136.9696,34.7101],[136.9631,34.7347],[136.942,34.7473],[136.9143,34.7709],[136.9199,34.8132],[136.9295,34.8297],[136.9279,34.8655],[136.9406,34.8627],[136.969,34.9014],[136.975,34.9321],[136.9826,34.9592],[136.9854,34.9564],[136.9773,34.9073],[136.9773,34.8946],[136.955,34.8548],[136.9566,34.8334],[136.9707,34.8207],[136.9968,34.8161],[137.0012,34.8031],[137.0273,34.7773],[137.0424,34.7759],[137.0691,34.7866],[137.0837,34.7819],[137.116,34.7895],[137.1548,34.7823],[137.1682,34.7876],[137.1871,34.7895],[137.1948,34.8077],[137.2098,34.8028],[137.2245,34.8192],[137.2509,34.8055],[137.2928,34.8045],[137.2979,34.8105],[137.3242,34.7901],[137.3203,34.7326],[137.3082,34.7248],[137.3069,34.6784],[137.3008,34.6937],[137.3008,34.7278],[137.2847,34.7309],[137.2616,34.7158],[137.2585,34.6962],[137.1873,34.6699],[137.1717,34.6577],[137.1443,34.6536],[137.1185,34.6348],[137.0871,34.6471],[137.0796,34.6622],[137.057,34.6491],[137.0238,34.5865],[137.0373,34.5783],[137.0953,34.5911],[137.1211,34.5873],[137.1443,34.5904],[137.1882,34.6061],[137.3411,34.6476],[137.4373,34.6671],[137.4839,34.6738],[137.491,34.7001],[137.4756,34.7471],[137.481,34.781],[137.4928,34.7867],[137.4868,34.8114],[137.4987,34.8267],[137.551,34.8517],[137.5868,34.8499],[137.5971,34.8722],[137.6168,34.8773],[137.6398,34.8921],[137.6508,34.9318],[137.6614,34.9457],[137.6883,34.9563],[137.7073,34.9952],[137.7047,35.0147],[137.7172,35.035],[137.7365,35.0525],[137.7746,35.0771],[137.7782,35.0995],[137.8002,35.1053],[137.7987,35.1254],[137.8285,35.1537],[137.8084,35.1763],[137.822,35.2039],[137.838,35.2125],[137.8229,35.2158],[137.7797,35.2032],[137.7597,35.2215],[137.7217,35.2226],[137.7217,35.2307],[137.7076,35.2321],[137.6636,35.2278],[137.6534,35.2175],[137.5785,35.1984],[137.578,35.218],[137.5528,35.2401],[137.5459,35.2532],[137.557,35.2642],[137.5618,35.2893],[137.5207,35.2739],[137.4968,35.2592],[137.4422,35.2337],[137.4297,35.2228],[137.417,35.2402],[137.3892,35.24],[137.3718,35.2631],[137.3516,35.2579],[137.3452,35.2726],[137.3078,35.2911],[137.2756,35.2905],[137.2607,35.2753],[137.2224,35.2557],[137.1898,35.2528],[137.1761,35.2703],[137.1652,35.2825],[137.1453,35.2799],[137.1315,35.2935],[137.1022,35.3016],[137.096,35.2907],[137.063,35.3185],[137.0681,35.3351],[137.0462,35.3397],[137.0474,35.365],[137.0036,35.3811],[136.9887,35.401],[136.993,35.4243],[136.9609,35.4145],[136.9611,35.3993],[136.9211,35.3791],[136.8924,35.3781],[136.8624,35.3699],[136.8338,35.3559],[136.7941,35.3667],[136.7769,35.3695],[136.7743,35.3697],[136.7536,35.3449],[136.7252,35.2955],[136.7044,35.2755],[136.6777,35.241],[136.6797,35.2281],[136.6831,35.2003],[136.6719,35.1878],[136.6725,35.1347],[136.7016,35.1182],[136.7141,35.1049],[136.7509,35.0772],[136.7531,35.0531],[136.7704,35.0214],[136.7938,35.0149],[136.7968,35.0385],[136.8064,35.0515],[136.8121,35.0256],[136.8384,35.0309],[136.8233,35.0683],[136.8245,35.0802],[136.8494,35.0779],[136.8379,35.0513],[136.8703,35.0463]]],[[[136.8086,34.8393],[136.8224,34.8618],[136.7984,34.8757],[136.8086,34.8393]]]]},"properties":{"pref":"23"}},
{"type":"Feature","geometry":{"type":"MultiPolygon","coordinates":[[[[136.5701,34.8045],[136.6145,34.8536],[136.6421,34.9005],[136.6462,34.9045],[136.6453,34.9558],[136.6514,34.9931],[136.6737,35.0062],[136.6997,35.0072],[136.7,35.021],[136.7321,35.0263],[136.7497,35.0361],[136.7704,35.0214],[136.7531,35.0531],[136.7509,35.0772],[136.7141,35.1049],[136.7016,35.1182],[136.6725,35.1347],[136.656,35.1599],[136.6161,35.1495],[136.594,35.1809],[136.575,35.2019],[136.5606,35.2065],[136.5494,35.2337],[136.5359,35.2501],[136.5275,35.2575],[136.5024,35.2347],[136.462,35.2361],[136.4421,35.2171],[136.427,35.2271],[136.4149,35.2177],[136.4083,35.1872],[136.4247,35.1838],[136.4543,35.1616],[136.436,35.1301],[136.4419,35.0867],[136.4382,35.0652],[136.4182,35.0484],[136.4179,35.0181],[136.4209,34.9997],[136.4148,34.9847],[136.3952,34.9517],[136.373,34.9418],[136.3718,34.9236],[136.3571,34.9005],[136.3129,34.8862],[136.2835,34.8703],[136.2503,34.8578],[136.1917,34.8725],[136.1653,34.8878],[136.1308,34.8831],[136.1146,34.8953],[136.0857,34.8857],[136.1009,34.8703],[136.1073,34.8519],[136.0876,34.829],[136.0881,34.8113],[136.0615,34.7998],[136.0218,34.7915],[136.0335,34.7789],[136.0285,34.7572],[136.0552,34.7384],[136.07,34.7137],[136.0546,34.7029],[136.0747,34.6976],[136.0855,34.6763],[136.0646,34.6513],[136.0725,34.6366],[136.0621,34.6196],[136.0463,34.6002],[136.0495,34.5801],[136.0841,34.5593],[136.1068,34.5564],[136.1142,34.5459],[136.1359,34.5581],[136.1615,34.5483],[136.1715,34.5341],[136.1671,34.52],[136.2116,34.5288],[136.2192,34.5128],[136.218,34.484],[136.2059,34.4485],[136.1489,34.4415],[136.1279,34.4449],[136.0958,34.4352],[136.0883,34.4141],[136.0703,34.3881],[136.0861,34.3783],[136.0904,34.3625],[136.1017,34.3365],[136.1292,34.3159],[136.0947,34.301],[136.1311,34.2517],[136.114,34.2106],[136.0931,34.1956],[136.1086,34.1843],[136.1118,34.1674],[136.1017,34.1406],[136.1042,34.1141],[136.1074,34.1027],[136.0927,34.0826],[136.0924,34.0478],[136.101,34.0255],[136.0551,34.0349],[136.0186,34.0359],[136.0032,34.0097],[135.9968,33.9975],[136.0129,33.9737],[135.9968,33.9568],[135.9766,33.9664],[135.9686,33.929],[135.9278,33.9409],[135.9086,33.9184],[135.8942,33.906],[135.8804,33.9091],[135.8955,33.8688],[135.8744,33.8615],[135.8576,33.8729],[135.8602,33.8488],[135.8563,33.818],[135.89,33.8019],[135.9011,33.7806],[135.9071,33.7667],[135.9386,33.7532],[135.9412,33.7351],[135.9659,33.7238],[135.9835,33.736],[136.0113,33.7235],[136.0315,33.7721],[136.0657,33.8405],[136.0879,33.8721],[136.1077,33.8904],[136.1314,33.8877],[136.1499,33.9004],[136.1473,33.9283],[136.194,33.9259],[136.2315,33.9474],[136.2151,33.9839],[136.2278,33.9883],[136.2384,33.9694],[136.2715,33.9731],[136.2668,34.0014],[136.2821,34.0196],[136.244,34.0387],[136.2433,34.0596],[136.2123,34.0635],[136.2016,34.0751],[136.2362,34.0867],[136.254,34.088],[136.3021,34.0987],[136.3087,34.1135],[136.2854,34.117],[136.2774,34.1415],[136.2783,34.1616],[136.3035,34.1801],[136.3191,34.1801],[136.3491,34.2084],[136.3621,34.1899],[136.3742,34.1973],[136.3863,34.2095],[136.4028,34.2064],[136.4305,34.2196],[136.4511,34.2197],[136.4634,34.2318],[136.4937,34.2249],[136.5058,34.2739],[136.5578,34.2677],[136.5609,34.2856],[136.5793,34.2897],[136.5863,34.2575],[136.6048,34.2583],[136.6364,34.2851],[136.6543,34.287],[136.6712,34.3329],[136.6944,34.3355],[136.6992,34.3254],[136.6877,34.3012],[136.7155,34.302],[136.7528,34.2982],[136.7721,34.3095],[136.7778,34.2923],[136.792,34.2881],[136.8238,34.3112],[136.8338,34.2914],[136.8303,34.2751],[136.8047,34.2723],[136.765,34.2777],[136.7775,34.2606],[136.8247,34.2504],[136.8447,34.2507],[136.8695,34.273],[136.8979,34.2755],[136.8778,34.3282],[136.8828,34.3456],[136.9004,34.3551],[136.8758,34.3707],[136.8689,34.3885],[136.9125,34.3759],[136.9099,34.3983],[136.9279,34.4134],[136.9193,34.4249],[136.9233,34.445],[136.9134,34.4533],[136.8837,34.4496],[136.8715,34.4574],[136.8667,34.4801],[136.849,34.478],[136.8377,34.4895],[136.8157,34.4851],[136.8097,34.5081],[136.7769,34.5088],[136.7334,34.5379],[136.6949,34.5466],[136.66,34.5661],[136.6483,34.5865],[136.6035,34.6009],[136.5542,34.6125],[136.5489,34.6347],[136.5478,34.6661],[136.5254,34.6811],[136.5204,34.6967],[136.5337,34.7532],[136.5439,34.773],[136.5701,34.8045]]],[[[136.8586,34.506],[136.8753,34.509],[136.9029,34.5306],[136.8718,34.5294],[136.8586,34.506]]]]},"properties":{"pref":"24"}},
{"type":"Feature","geometry":{"type":"Polygon","coordinates":[[[135.943,34.8781],[135.9457,34.8517],[135.9586,34.8544],[135.9707,34.8384],[136.0015,34.8449],[136.0047,34.8282],[136.0281,34.8192],[136.0104,34.8007],[136.0218,34.7915],[136.0615,34.7998],[136.0881,34.8113],[136.0876,34.829],[136.1073,34.8519],[136.1009,34.8703],[136.0857,34.8857],[136.1146,34.8953],[136.1308,34.8831],[136.1653,34.8878],[136.1917,34.8725],[136.2503,34.8578],[136.2835,34.8703],[136.3129,34.8862],[136.3571,34.9005],[136.3718,34.9236],[136.373,34.9418],[136.3952,34.9517],[136.4148,34.9847],[136.4209,34.9997],[136.4179,35.0181],[136.4182,35.0484],[136.4382,35.0652],[136.4419,35.0867],[136.436,35.1301],[136.4543,35.1616],[136.4247,35.1838],[136.4083,35.1872],[136.4149,35.2177],[136.3781,35.2427],[136.3931,35.2532],[136.3915,35.2871],[136.4023,35.3003],[136.4212,35.3531],[136.4152,35.3735],[136.4441,35.3895],[136.4115,35.4186],[136.4255,35.4477],[136.4197,35.4665],[136.4034,35.4694],[136.3876,35.4956],[136.3982,35.5103],[136.4002,35.5299],[136.3849,35.5329],[136.3718,35.5597],[136.3457,35.536],[136.3377,35.5494],[136.3178,35.5469],[136.3231,35.5865],[136.3154,35.6233],[136.2887,35.6203],[136.2789,35.6369],[136.2806,35.6587],[136.2647,35.6705],[136.1993,35.6895],[136.1911,35.7013],[136.15,35.6978],[136.1342,35.6699],[136.1509,35.6497],[136.1767,35.5961],[136.1632,35.5707],[136.1123,35.5755],[136.1051,35.5288],[136.0831,35.5404],[136.0699,35.5266],[136.0491,35.5346],[136.0261,35.5296],[136.0059,35.4916],[135.9815,35.4868],[135.9467,35.5204],[135.9241,35.4895],[135.9101,35.4478],[135.9131,35.4314],[135.8927,35.4199],[135.8904,35.4038],[135.8616,35.3951],[135.8528,35.4115],[135.812,35.4117],[135.8071,35.3853],[135.7905,35.3867],[135.7684,35.3561],[135.7949,35.3212],[135.809,35.3161],[135.8206,35.2895],[135.8351,35.2743],[135.8604,35.283],[135.8446,35.2607],[135.8291,35.2207],[135.8481,35.1613],[135.8557,35.1533],[135.8514,35.131],[135.8315,35.0713],[135.8355,35.059],[135.815,35.0461],[135.8334,35.0223],[135.8351,35.0032],[135.8493,34.991],[135.8525,34.9707],[135.8782,34.9475],[135.8788,34.9341],[135.8625,34.9029],[135.8664,34.8923],[135.898,34.8712],[135.913,34.8833],[135.9405,34.8932],[135.943,34.8781]]]},"properties":{"pref":"25"}},
{"type":"Feature","geometry":{"type":"Polygon","coordinates":[[[135.8604,35.283],[135.8351,35.2743],[135.8206,35.2895],[135.809,35.3161],[135.7949,35.3212],[135.7684,35.3561],[135.7185,35.3553],[135.7007,35.3437],[135.675,35.3507],[135.6419,35.3668],[135.5656,35.3773],[135.534,35.3775],[135.5253,35.4207],[135.4958,35.4251],[135.4857,35.4486],[135.4699,35.4545],[135.4588,35.4725],[135.4743,35.507],[135.449,35.5235],[135.4599,35.5472],[135.4865,35.558],[135.4521,35.5675],[135.4479,35.5927],[135.425,35.5735],[135.4012,35.5615],[135.3718,35.5553],[135.3359,35.5339],[135.3445,35.5041],[135.3718,35.5063],[135.4,35.4937],[135.3491,35.4864],[135.3289,35.4653],[135.3169,35.4655],[135.334,35.5061],[135.2881,35.5163],[135.2673,35.5339],[135.2442,35.5359],[135.2369,35.5458],[135.2507,35.5702],[135.2083,35.5628],[135.2081,35.5427],[135.1931,35.5383],[135.1873,35.5587],[135.2131,35.5969],[135.2443,35.6205],[135.2543,35.6515],[135.2718,35.6665],[135.2998,35.6817],[135.3055,35.6941],[135.2906,35.7064],[135.2872,35.7259],[135.257,35.7445],[135.2346,35.7687],[135.2213,35.7719],[135.1441,35.7503],[135.0857,35.7398],[135.0817,35.7235],[135.0607,35.7081],[135.0222,35.6895],[134.9849,35.6923],[134.9659,35.6655],[134.9233,35.6465],[134.8671,35.6581],[134.8725,35.6197],[134.8542,35.5881],[134.9143,35.5448],[134.9146,35.5277],[134.9265,35.5125],[134.9548,35.5159],[134.9959,35.5353],[135.0367,35.5373],[135.0439,35.5093],[135.0405,35.4735],[135.0495,35.4511],[135.0483,35.4074],[135.0291,35.4096],[135.0192,35.3945],[134.9997,35.3867],[134.9448,35.4132],[134.9338,35.4074],[134.923,35.3943],[134.9185,35.3645],[134.9208,35.3163],[134.9372,35.3076],[135.0095,35.2837],[135.01,35.2698],[135.0566,35.258],[135.0675,35.2372],[135.109,35.2663],[135.1613,35.2574],[135.1662,35.2402],[135.1556,35.2262],[135.1967,35.2029],[135.1863,35.1898],[135.2067,35.1609],[135.2245,35.1639],[135.2327,35.1774],[135.2738,35.1771],[135.2889,35.1723],[135.2946,35.1419],[135.3405,35.1499],[135.3435,35.1357],[135.3729,35.1291],[135.393,35.1109],[135.3913,35.0981],[135.3992,35.0761],[135.3762,35.0649],[135.3708,35.0453],[135.3818,35.0309],[135.3821,35.0101],[135.4361,35.0083],[135.4928,34.9877],[135.4843,34.9474],[135.5132,34.9439],[135.5248,34.9288],[135.5507,34.9179],[135.5727,34.9168],[135.58,34.937],[135.5653,34.9402],[135.5707,34.9674],[135.6129,34.9713],[135.6117,34.9421],[135.6277,34.934],[135.6428,34.9298],[135.6486,34.9094],[135.6667,34.9041],[135.6823,34.8878],[135.6796,34.8813],[135.6955,34.8482],[135.7184,34.8317],[135.7229,34.8263],[135.7308,34.8227],[135.7447,34.8043],[135.7284,34.7779],[135.7363,34.7517],[135.7551,34.7275],[135.7779,34.7234],[135.8208,34.7119],[135.8618,34.7069],[135.89,34.7087],[135.8982,34.7315],[135.9217,34.7547],[135.933,34.7379],[135.955,34.7477],[135.9695,34.7405],[135.9832,34.7331],[135.9859,34.7151],[136.014,34.7077],[136.0395,34.7216],[136.0552,34.7384],[136.0285,34.7572],[136.0335,34.7789],[136.0218,34.7915],[136.0104,34.8007],[136.0281,34.8192],[136.0047,34.8282],[136.0015,34.8449],[135.9707,34.8384],[135.9586,34.8544],[135.9457,34.8517],[135.943,34.8781],[135.9405,34.8932],[135.913,34.8833],[135.898,34.8712],[135.8664,34.8923],[135.8625,34.9029],[135.8788,34.9341],[135.8782,34.9475],[135.8525,34.9707],[135.8493,34.991],[135.8351,35.0032],[135.8334,35.0223],[135.815,35.0461],[135.8355,35.059],[135.8315,35.0713],[135.8514,35.131],[135.8557,35.1533],[135.8481,35.1613],[135.8291,35.2207],[135.8446,35.2607],[135.8604,35.283]]]},"properties":{"pref":"26"}},
{"type":"Feature","geometry":{"type":"MultiPolygon","coordinates":[[[[135.4371,34.6086],[135.4157,34.5937],[135.4105,34.5608],[135.4457,34.5569],[135.4375,34.5407],[135.4184,34.5194],[135.3763,34.5087],[135.3709,34.5001],[135.3774,34.4865],[135.3638,34.4776],[135.3593,34.4599],[135.3308,34.4327],[135.2886,34.4035],[135.2794,34.3953],[135.2504,34.3768],[135.2182,34.3449],[135.1937,34.3364],[135.175,34.3375],[135.101,34.3187],[135.0931,34.3117],[135.1112,34.272],[135.1844,34.2794],[135.2048,34.2888],[135.2076,34.3081],[135.2251,34.3009],[135.2468,34.3131],[135.2707,34.3122],[135.2822,34.3178],[135.3035,34.3127],[135.33,34.3167],[135.3386,34.3349],[135.381,34.3289],[135.4088,34.3419],[135.4339,34.3481],[135.4438,34.3476],[135.4527,34.3497],[135.4661,34.3479],[135.485,34.3627],[135.5077,34.3365],[135.5287,34.3513],[135.5528,34.3593],[135.5795,34.3764],[135.614,34.3771],[135.6196,34.3844],[135.6507,34.3832],[135.6631,34.3965],[135.6799,34.4083],[135.6647,34.424],[135.6864,34.4509],[135.6819,34.4648],[135.6819,34.4651],[135.6751,34.5058],[135.6671,34.5308],[135.6598,34.541],[135.6529,34.5469],[135.6577,34.563],[135.6727,34.5707],[135.6815,34.5849],[135.6753,34.6013],[135.6515,34.6068],[135.6584,34.6147],[135.6639,34.6433],[135.6708,34.6616],[135.6778,34.6793],[135.6728,34.7],[135.6727,34.7017],[135.7038,34.7239],[135.6965,34.7437],[135.7095,34.7532],[135.7116,34.7813],[135.7284,34.7779],[135.7447,34.8043],[135.7308,34.8227],[135.7229,34.8263],[135.7184,34.8317],[135.6955,34.8482],[135.6796,34.8813],[135.6823,34.8878],[135.6667,34.9041],[135.6486,34.9094],[135.6428,34.9298],[135.6277,34.934],[135.6117,34.9421],[135.6129,34.9713],[135.5707,34.9674],[135.5653,34.9402],[135.58,34.937],[135.5727,34.9168],[135.5507,34.9179],[135.5248,34.9288],[135.5132,34.9439],[135.4843,34.9474],[135.4928,34.9877],[135.4361,35.0083],[135.3821,35.0101],[135.3818,35.0309],[135.3708,35.0453],[135.3376,35.0436],[135.3394,35.0259],[135.3542,35.0241],[135.3533,34.9881],[135.3456,34.9653],[135.3601,34.9545],[135.4171,34.9411],[135.4182,34.9339],[135.4417,34.9393],[135.4668,34.9287],[135.4598,34.9182],[135.424,34.9131],[135.4446,34.8954],[135.4366,34.8776],[135.4157,34.8195],[135.4234,34.8019],[135.4406,34.7917],[135.4444,34.7684],[135.4593,34.7514],[135.4599,34.7332],[135.447,34.7197],[135.4028,34.6932],[135.4161,34.6842],[135.4179,34.6636],[135.4442,34.6445],[135.4483,34.631],[135.4313,34.6218],[135.4371,34.6086]]],[[[135.4222,34.6219],[135.4418,34.6283],[135.4393,34.6412],[135.4162,34.6447],[135.3985,34.6382],[135.4222,34.6219]]],[[[135.4263,34.5471],[135.4121,34.5435],[135.4053,34.5473],[135.3991,34.5364],[135.4211,34.5246],[135.4364,34.5425],[135.4263,34.5471]]],[[[135.2294,34.446],[135.218,34.4383],[135.2288,34.4309],[135.23,34.4298],[135.2399,34.4227],[135.2515,34.4298],[135.241,34.4373],[135.2403,34.4387],[135.2294,34.446]]]]},"properties":{"pref":"27"}},
{"type":"Feature","geometry":{"type":"MultiPolygon","coordinates":[[[[135.3031,34.719],[135.3244,34.7259],[135.3389,34.7223],[135.3722,34.6937],[135.4028,34.6932],[135.447,34.7197],[135.4599,34.7332],[135.4593,34.7514],[135.4444,34.7684],[135.4406,34.7917],[135.4234,34.8019],[135.4157,34.8195],[135.4366,34.8776],[135.4446,34.8954],[135.424,34.9131],[135.4598,34.9182],[135.4668,34.9287],[135.4417,34.9393],[135.4182,34.9339],[135.4171,34.9411],[135.3601,34.9545],[135.3456,34.9653],[135.3533,34.9881],[135.3542,35.0241],[135.3394,35.0259],[135.3376,35.0436],[135.3708,35.0453],[135.3762,35.0649],[135.3992,35.0761],[135.3913,35.0981],[135.393,35.1109],[135.3729,35.1291],[135.3435,35.1357],[135.3405,35.1499],[135.2946,35.1419],[135.2889,35.1723],[135.2738,35.1771],[135.2327,35.1774],[135.2245,35.1639],[135.2067,35.1609],[135.1863,35.1898],[135.1967,35.2029],[135.1556,35.2262],[135.1662,35.2402],[135.1613,35.2574],[135.109,35.2663],[135.0675,35.2372],[135.0566,35.258],[135.01,35.2698],[135.0095,35.2837],[134.9372,35.3076],[134.9208,35.3163],[134.9185,35.3645],[134.923,35.3943],[134.9338,35.4074],[134.9448,35.4132],[134.9997,35.3867],[135.0192,35.3945],[135.0291,35.4096],[135.0483,35.4074],[135.0495,35.4511],[135.0405,35.4735],[135.0439,35.5093],[135.0367,35.5373],[134.9959,35.5353],[134.9548,35.5159],[134.9265,35.5125],[134.9146,35.5277],[134.9143,35.5448],[134.8542,35.5881],[134.8725,35.6197],[134.8671,35.6581],[134.8521,35.6589],[134.8406,35.6427],[134.8125,35.6637],[134.7954,35.6699],[134.7825,35.6613],[134.7324,35.6583],[134.7069,35.6536],[134.657,35.6655],[134.6278,35.6409],[134.5978,35.6587],[134.5777,35.6607],[134.5581,35.6511],[134.541,35.6689],[134.5165,35.6666],[134.4758,35.6402],[134.4509,35.629],[134.432,35.6289],[134.404,35.6162],[134.3695,35.6146],[134.4078,35.5877],[134.4059,35.5685],[134.4208,35.5629],[134.425,35.5419],[134.4123,35.5153],[134.4279,35.5075],[134.4341,35.4711],[134.4398,35.4428],[134.4769,35.4291],[134.481,35.4102],[134.4719,35.383],[134.5024,35.366],[134.5133,35.3539],[134.5064,35.3385],[134.5022,35.3254],[134.514,35.3071],[134.5146,35.2773],[134.4803,35.2532],[134.434,35.2295],[134.4022,35.241],[134.3805,35.2181],[134.3824,35.1945],[134.4114,35.1861],[134.4082,35.1479],[134.3936,35.1527],[134.3663,35.1454],[134.3525,35.1137],[134.3486,35.0903],[134.3185,35.0829],[134.3161,35.0433],[134.2806,35.035],[134.2641,35.0157],[134.2823,34.9965],[134.2702,34.9783],[134.2754,34.9629],[134.2536,34.9461],[134.2944,34.9075],[134.2629,34.8849],[134.2531,34.8513],[134.2613,34.8314],[134.2832,34.8295],[134.295,34.8181],[134.3165,34.8016],[134.3154,34.7808],[134.3338,34.7682],[134.3198,34.7591],[134.3137,34.7377],[134.3213,34.7218],[134.3393,34.7389],[134.3632,34.7407],[134.3847,34.7261],[134.4105,34.7278],[134.4333,34.7481],[134.4503,34.7537],[134.4739,34.7552],[134.4809,34.7655],[134.528,34.7827],[134.5407,34.7704],[134.5704,34.7732],[134.6329,34.7673],[134.6651,34.7679],[134.6733,34.7765],[134.6946,34.7703],[134.7071,34.777],[134.7608,34.7621],[134.7684,34.7501],[134.7973,34.7331],[134.809,34.7424],[134.8091,34.7181],[134.8263,34.7063],[134.8467,34.7153],[134.8696,34.7031],[134.9078,34.6763],[134.9282,34.6716],[134.962,34.6493],[134.9815,34.6414],[135.0183,34.6433],[135.0404,34.6284],[135.0596,34.6255],[135.1111,34.6413],[135.1377,34.6419],[135.1833,34.6494],[135.1903,34.6813],[135.2347,34.6986],[135.2881,34.704],[135.3031,34.719]]],[[[135.2548,34.6779],[135.2906,34.6819],[135.2881,34.6968],[135.2523,34.6932],[135.2548,34.6779]]],[[[135.2173,34.6502],[135.245,34.6506],[135.22,34.6827],[135.2013,34.6735],[135.2023,34.6592],[135.2173,34.6502]]],[[[134.5727,34.6513],[134.5894,34.6689],[134.5735,34.6769],[134.5613,34.6681],[134.5727,34.6513]]],[[[134.4677,34.6408],[134.4941,34.6595],[134.4665,34.6628],[134.4677,34.6408]]],[[[134.8688,34.7016],[134.8676,34.6993],[134.8659,34.6965],[134.8625,34.6901],[134.8774,34.6849],[134.8837,34.692],[134.8688,34.7016]]],[[[134.8943,34.3989],[134.9085,34.4365],[134.9431,34.4667],[134.9541,34.4839],[134.9791,34.5032],[134.9931,34.5255],[134.9945,34.5455],[135.0254,34.5763],[135.0024,34.609],[134.9826,34.6027],[134.9328,34.5486],[134.911,34.5349],[134.886,34.5287],[134.8693,34.5135],[134.8355,34.4669],[134.818,34.4691],[134.7974,34.4487],[134.7871,34.4272],[134.7625,34.386],[134.7557,34.3855],[134.7402,34.3524],[134.7265,34.3296],[134.7065,34.3209],[134.6841,34.3235],[134.6595,34.2951],[134.6593,34.2748],[134.6714,34.267],[134.6698,34.2489],[134.703,34.2477],[134.7101,34.2393],[134.6997,34.2209],[134.7304,34.2066],[134.7293,34.1889],[134.7734,34.2001],[134.7957,34.1993],[134.8414,34.2283],[134.8705,34.2398],[134.9023,34.2532],[134.9519,34.2671],[134.9417,34.2986],[134.922,34.3103],[134.9142,34.3365],[134.8936,34.3542],[134.8943,34.3989]]]]},"properties":{"pref":"28"}},
{"type":"Feature","geometry":{"type":"Polygon","coordinates":[[[136.0552,34.7384],[136.0395,34.7216],[136.014,34.7077],[135.9859,34.7151],[135.9832,34.7331],[135.9695,34.7405],[135.955,34.7477],[135.933,34.7379],[135.9217,34.7547],[135.8982,34.7315],[135.89,34.7087],[135.8618,34.7069],[135.8208,34.7119],[135.7779,34.7234],[135.7551,34.7275],[135.7363,34.7517],[135.7284,34.7779],[135.7116,34.7813],[135.7095,34.7532],[135.6965,34.7437],[135.7038,34.7239],[135.6727,34.7017],[135.6728,34.7],[135.6778,34.6793],[135.6708,34.6616],[135.6639,34.6433],[135.6584,34.6147],[135.6515,34.6068],[135.6753,34.6013],[135.6815,34.5849],[135.6727,34.5707],[135.6577,34.563],[135.6529,34.5469],[135.6598,34.541],[135.6671,34.5308],[135.6751,34.5058],[135.6819,34.4651],[135.6819,34.4648],[135.6864,34.4509],[135.6647,34.424],[135.6799,34.4083],[135.6631,34.3965],[135.6507,34.3832],[135.6621,34.3569],[135.6594,34.33],[135.6805,34.2714],[135.7005,34.2753],[135.7189,34.2601],[135.7297,34.2283],[135.7093,34.2087],[135.6678,34.2241],[135.6475,34.2187],[135.6343,34.2037],[135.6445,34.1884],[135.6042,34.1543],[135.5878,34.1457],[135.5766,34.115],[135.5459,34.0978],[135.5477,34.0681],[135.5509,34.0683],[135.58,34.0569],[135.5989,34.0315],[135.5955,34.0115],[135.6218,34.0094],[135.6356,33.9908],[135.6362,33.9503],[135.6181,33.9413],[135.6069,33.8991],[135.625,33.8829],[135.6475,33.8768],[135.6866,33.9039],[135.728,33.9011],[135.7557,33.8851],[135.8013,33.8957],[135.8082,33.9065],[135.854,33.8887],[135.8576,33.8729],[135.8744,33.8615],[135.8823,33.8787],[135.8598,33.9032],[135.8804,33.9091],[135.8942,33.906],[135.9086,33.9184],[135.892,33.9417],[135.9153,33.9725],[135.9268,33.9811],[135.9569,33.9811],[135.9848,33.9922],[136.0032,34.0097],[136.0186,34.0359],[136.0551,34.0349],[136.101,34.0255],[136.0924,34.0478],[136.0927,34.0826],[136.1074,34.1027],[136.1042,34.1141],[136.1017,34.1406],[136.1118,34.1674],[136.1086,34.1843],[136.0931,34.1956],[136.114,34.2106],[136.1311,34.2517],[136.0947,34.301],[136.1292,34.3159],[136.1017,34.3365],[136.0904,34.3625],[136.0861,34.3783],[136.0703,34.3881],[136.0883,34.4141],[136.0958,34.4352],[136.1279,34.4449],[136.1489,34.4415],[136.2059,34.4485],[136.218,34.484],[136.2192,34.5128],[136.2116,34.5288],[136.1671,34.52],[136.1715,34.5341],[136.1615,34.5483],[136.1359,34.5581],[136.1142,34.5459],[136.1068,34.5564],[136.0841,34.5593],[136.0495,34.5801],[136.0463,34.6002],[136.0621,34.6196],[136.0725,34.6366],[136.0646,34.6513],[136.0855,34.6763],[136.0747,34.6976],[136.0546,34.7029],[136.07,34.7137],[136.0552,34.7384]]]},"properties":{"pref":"29"}},
{"type":"Feature","geometry":{"type":"MultiPolygon","coordinates":[[[[135.2076,34.3081],[135.2048,34.2888],[135.1844,34.2794],[135.1112,34.272],[135.0931,34.3117],[135.0735,34.3041],[135.073,34.2769],[135.088,34.2607],[135.1203,34.2431],[135.138,34.2253],[135.1446,34.2075],[135.1394,34.1909],[135.1718,34.1853],[135.1914,34.1587],[135.1686,34.1334],[135.1352,34.1387],[135.1309,34.1215],[135.1117,34.1128],[135.0954,34.0911],[135.105,34.0709],[135.1358,34.0643],[135.1385,34.0567],[135.1463,34.045],[135.1734,34.0319],[135.1564,34.0245],[135.1342,33.9999],[135.0923,33.9927],[135.0806,33.956],[135.1024,33.9542],[135.0759,33.9223],[135.0832,33.9111],[135.058,33.9025],[135.0572,33.8797],[135.0747,33.8875],[135.1133,33.8933],[135.1519,33.8752],[135.1625,33.8453],[135.186,33.8191],[135.1988,33.8128],[135.235,33.7983],[135.2344,33.7813],[135.2657,33.7828],[135.3204,33.7645],[135.3359,33.7454],[135.354,33.744],[135.3718,33.7314],[135.3939,33.7044],[135.3823,33.6909],[135.3596,33.677],[135.3547,33.6951],[135.3313,33.6667],[135.3437,33.6586],[135.3807,33.6511],[135.3961,33.6267],[135.3872,33.6],[135.4052,33.5782],[135.4459,33.5611],[135.4596,33.547],[135.4876,33.5503],[135.511,33.5252],[135.5481,33.5157],[135.5707,33.5166],[135.5792,33.507],[135.6197,33.5032],[135.6351,33.5063],[135.6637,33.4905],[135.6965,33.4883],[135.7276,33.4779],[135.7366,33.4857],[135.7709,33.4789],[135.7746,33.4602],[135.7509,33.4509],[135.7876,33.44],[135.7961,33.4503],[135.7818,33.4634],[135.7982,33.4989],[135.8231,33.5135],[135.8424,33.5171],[135.8937,33.5399],[135.8988,33.5458],[135.9004,33.5629],[135.9227,33.5759],[135.9396,33.5778],[135.9576,33.5806],[135.9435,33.6041],[135.9289,33.5997],[135.9276,33.6089],[135.9358,33.6178],[135.9445,33.6278],[135.9394,33.6459],[135.9691,33.6551],[135.9721,33.6709],[135.9851,33.6818],[135.9942,33.7043],[136.0113,33.7235],[135.9835,33.736],[135.9659,33.7238],[135.9412,33.7351],[135.9386,33.7532],[135.9071,33.7667],[135.9011,33.7806],[135.89,33.8019],[135.8563,33.818],[135.8602,33.8488],[135.8576,33.8729],[135.854,33.8887],[135.8082,33.9065],[135.8013,33.8957],[135.7557,33.8851],[135.728,33.9011],[135.6866,33.9039],[135.6475,33.8768],[135.625,33.8829],[135.6069,33.8991],[135.6181,33.9413],[135.6362,33.9503],[135.6356,33.9908],[135.6218,34.0094],[135.5955,34.0115],[135.5989,34.0315],[135.58,34.0569],[135.5509,34.0683],[135.5477,34.0681],[135.5459,34.0978],[135.5766,34.115],[135.5878,34.1457],[135.6042,34.1543],[135.6445,34.1884],[135.6343,34.2037],[135.6475,34.2187],[135.6678,34.2241],[135.7093,34.2087],[135.7297,34.2283],[135.7189,34.2601],[135.7005,34.2753],[135.6805,34.2714],[135.6594,34.33],[135.6621,34.3569],[135.6507,34.3832],[135.6196,34.3844],[135.614,34.3771],[135.5795,34.3764],[135.5528,34.3593],[135.5287,34.3513],[135.5077,34.3365],[135.485,34.3627],[135.4661,34.3479],[135.4527,34.3497],[135.4438,34.3476],[135.4339,34.3481],[135.4088,34.3419],[135.381,34.3289],[135.3386,34.3349],[135.33,34.3167],[135.3035,34.3127],[135.2822,34.3178],[135.2707,34.3122],[135.2468,34.3131],[135.2251,34.3009],[135.2076,34.3081]]],[[[135.8804,33.9091],[135.8598,33.9032],[135.8823,33.8787],[135.8744,33.8615],[135.8955,33.8688],[135.8804,33.9091]]],[[[136.0032,34.0097],[135.9848,33.9922],[135.9569,33.9811],[135.9268,33.9811],[135.9153,33.9725],[135.892,33.9417],[135.9086,33.9184],[135.9278,33.9409],[135.9686,33.929],[135.9766,33.9664],[135.9968,33.9568],[136.0129,33.9737],[135.9968,33.9975],[136.0032,34.0097]]],[[[135.8318,33.4491],[135.8568,33.4707],[135.828,33.4774],[135.8011,33.4713],[135.8318,33.4491]]]]},"properties":{"pref":"30"}},
{"type":"Feature","geometry":{"type":"Polygon","coordinates":[[[134.4341,35.4711],[134.4279,35.5075],[134.4123,35.5153],[134.425,35.5419],[134.4208,35.5629],[134.4059,35.5685],[134.4078,35.5877],[134.3695,35.6146],[134.369,35.6042],[134.3341,35.5925],[134.3018,35.5924],[134.292,35.5764],[134.2773,35.5729],[134.2672,35.5587],[134.2302,35.5468],[134.1218,35.5268],[134.0817,35.5251],[134.0446,35.5187],[133.9999,35.5253],[133.9647,35.523],[133.9357,35.5128],[133.855,35.5051],[133.79,35.5009],[133.7169,35.5041],[133.6684,35.5069],[133.6306,35.5193],[133.607,35.5223],[133.5897,35.532],[133.554,35.5237],[133.4968,35.5157],[133.4679,35.4984],[133.4456,35.494],[133.4287,35.47],[133.4248,35.4602],[133.391,35.454],[133.3736,35.4569],[133.312,35.4703],[133.2876,35.4812],[133.2615,35.5007],[133.2509,35.5158],[133.2441,35.5491],[133.2175,35.5461],[133.1979,35.5264],[133.2215,35.4815],[133.2263,35.4772],[133.2755,35.4448],[133.3021,35.4351],[133.3205,35.4069],[133.314,35.3867],[133.3239,35.3743],[133.3071,35.3659],[133.2948,35.3465],[133.2919,35.3197],[133.3057,35.3027],[133.299,35.2915],[133.3099,35.2685],[133.2745,35.258],[133.2507,35.2587],[133.1778,35.2321],[133.151,35.2162],[133.1819,35.2009],[133.1944,35.1699],[133.1838,35.1575],[133.1567,35.1489],[133.1397,35.1183],[133.1447,35.1067],[133.1357,35.0743],[133.1424,35.0652],[133.232,35.0776],[133.2506,35.0781],[133.2684,35.0578],[133.2904,35.0717],[133.288,35.096],[133.2989,35.1035],[133.3208,35.0938],[133.3383,35.1067],[133.3546,35.1009],[133.3718,35.1128],[133.4029,35.1143],[133.4113,35.1225],[133.3941,35.1774],[133.4078,35.1856],[133.4464,35.1722],[133.5156,35.1908],[133.5256,35.1829],[133.5279,35.1881],[133.5075,35.2331],[133.5549,35.2425],[133.5659,35.2554],[133.5773,35.3154],[133.5957,35.3451],[133.65,35.3359],[133.6782,35.3188],[133.6971,35.3265],[133.7618,35.3111],[133.7835,35.2948],[133.7973,35.2941],[133.8176,35.2527],[133.8433,35.2532],[133.8651,35.2731],[133.8627,35.293],[133.886,35.2945],[133.8995,35.3043],[133.9249,35.3075],[133.9316,35.3338],[133.9453,35.3327],[133.9634,35.346],[133.9968,35.3528],[134.0142,35.3504],[134.0145,35.3337],[134,35.314],[134.0296,35.3055],[134.0696,35.2972],[134.0972,35.3059],[134.1149,35.2839],[134.1387,35.279],[134.1439,35.2314],[134.1617,35.2179],[134.1534,35.1949],[134.1669,35.1719],[134.1897,35.1762],[134.1937,35.1895],[134.2161,35.1896],[134.2664,35.2085],[134.2807,35.1966],[134.3208,35.2018],[134.338,35.2204],[134.3689,35.2327],[134.3806,35.2487],[134.4022,35.241],[134.434,35.2295],[134.4803,35.2532],[134.5146,35.2773],[134.514,35.3071],[134.5022,35.3254],[134.5064,35.3385],[134.5133,35.3539],[134.5024,35.366],[134.4719,35.383],[134.481,35.4102],[134.4769,35.4291],[134.4398,35.4428],[134.4341,35.4711]]]},"properties":{"pref":"31"}},
{"type":"Feature","geometry":{"type":"MultiPolygon","coordinates":[[[[133.2441,35.5491],[133.252,35.5536],[133.3109,35.5601],[133.3063,35.5757],[133.219,35.5784],[133.2096,35.5673],[133.1826,35.5673],[133.1512,35.5595],[133.1218,35.5783],[133.1115,35.5978],[133.09,35.5975],[133.0958,35.5783],[133.0681,35.5839],[133.0441,35.5535],[133.0265,35.5389],[133.0072,35.5378],[132.9826,35.5465],[132.9677,35.5422],[132.9655,35.5148],[132.919,35.5178],[132.9025,35.5121],[132.8644,35.5133],[132.8146,35.4981],[132.7813,35.4798],[132.7269,35.47],[132.756,35.4497],[132.71,35.4418],[132.6832,35.4503],[132.6505,35.4408],[132.6356,35.4183],[132.6715,35.4011],[132.6738,35.3749],[132.6643,35.3365],[132.6461,35.306],[132.626,35.2873],[132.5753,35.2726],[132.529,35.2516],[132.4755,35.2187],[132.4466,35.1976],[132.4209,35.189],[132.403,35.1699],[132.387,35.1428],[132.3859,35.1287],[132.3315,35.0975],[132.3259,35.0758],[132.3128,35.0647],[132.3085,35.0566],[132.2745,35.0414],[132.2368,35.0345],[132.1437,34.9639],[132.1048,34.9451],[132.0647,34.9076],[132.059,34.8773],[132.0293,34.875],[131.9946,34.8425],[131.9871,34.8271],[131.9543,34.8157],[131.943,34.7911],[131.8986,34.7748],[131.8934,34.7625],[131.8641,34.7548],[131.8701,34.7324],[131.8441,34.7087],[131.7951,34.688],[131.7468,34.6759],[131.7027,34.6724],[131.6899,34.681],[131.6837,34.6681],[131.6945,34.6555],[131.6942,34.621],[131.7181,34.6121],[131.7236,34.5721],[131.7043,34.559],[131.7029,34.5318],[131.6672,34.5041],[131.6814,34.4921],[131.6935,34.4638],[131.6976,34.4351],[131.7376,34.4288],[131.7931,34.4362],[131.7833,34.3995],[131.7643,34.3826],[131.7702,34.3562],[131.774,34.3373],[131.7982,34.3168],[131.8301,34.3025],[131.8804,34.3087],[131.9163,34.3365],[131.9415,34.3252],[131.9699,34.3243],[131.9747,34.342],[131.9968,34.3643],[132.0116,34.3685],[131.9968,34.4071],[131.9968,34.4279],[132.0167,34.4409],[132.0158,34.4533],[132.0385,34.4689],[132.0545,34.4678],[132.0679,34.4675],[132.0583,34.4929],[132.0359,34.5022],[132.0527,34.5299],[132.0838,34.5379],[132.1152,34.5667],[132.1251,34.5825],[132.1299,34.598],[132.1157,34.6127],[132.1395,34.6542],[132.154,34.6779],[132.13,34.708],[132.176,34.7339],[132.2215,34.7503],[132.225,34.7702],[132.2418,34.7845],[132.241,34.8059],[132.2593,34.8065],[132.2797,34.7835],[132.298,34.7771],[132.3184,34.8008],[132.3356,34.7901],[132.3718,34.8012],[132.3824,34.7949],[132.398,34.7826],[132.4346,34.8206],[132.4844,34.7973],[132.5195,34.8037],[132.5374,34.7949],[132.5536,34.8081],[132.5673,34.8064],[132.6151,34.8433],[132.6507,34.8405],[132.6601,34.8327],[132.6792,34.8513],[132.6972,34.8429],[132.7099,34.8499],[132.6999,34.8821],[132.663,34.8899],[132.6333,34.9049],[132.6729,34.9319],[132.6845,34.9507],[132.707,34.955],[132.7198,34.9481],[132.7468,34.9593],[132.7663,34.9912],[132.7872,35.0048],[132.827,35.0612],[132.859,35.0926],[132.8921,35.105],[132.9088,35.0865],[132.9499,35.0755],[132.9743,35.0835],[132.9902,35.1014],[133.0148,35.0865],[133.033,35.0683],[133.0603,35.0814],[133.1218,35.0833],[133.1357,35.0743],[133.1447,35.1067],[133.1397,35.1183],[133.1567,35.1489],[133.1838,35.1575],[133.1944,35.1699],[133.1819,35.2009],[133.151,35.2162],[133.1778,35.2321],[133.2507,35.2587],[133.2745,35.258],[133.3099,35.2685],[133.299,35.2915],[133.3057,35.3027],[133.2919,35.3197],[133.2948,35.3465],[133.3071,35.3659],[133.3239,35.3743],[133.314,35.3867],[133.3205,35.4069],[133.3021,35.4351],[133.2755,35.4448],[133.2263,35.4772],[133.2215,35.4815],[133.1979,35.5264],[133.2175,35.5461],[133.2441,35.5491]]],[[[133.0677,36.0351],[133.0965,36.0577],[133.1375,36.0824],[133.1271,36.0915],[133.1258,36.1112],[133.0931,36.1174],[133.0908,36.0983],[133.0711,36.1058],[133.0695,36.083],[133.0791,36.0695],[133.0696,36.0584],[133.0677,36.0351]]],[[[132.9979,36.0389],[132.9782,36.0793],[133.0031,36.0924],[133.0231,36.0637],[133.0457,36.0619],[133.0559,36.0865],[133.0391,36.1073],[133.0691,36.1134],[133.0904,36.1368],[133.069,36.1406],[133.0579,36.1311],[133.0287,36.1373],[133.0124,36.1341],[133.0058,36.1109],[132.9814,36.1171],[132.9476,36.0799],[132.9464,36.0643],[132.964,36.0599],[132.9979,36.0389]]],[[[133.0587,35.9941],[133.0604,36.0109],[133.0343,36.0285],[132.9993,36.0324],[133.0111,36.0024],[133.0413,36.0107],[133.0587,35.9941]]],[[[133.248,36.161],[133.2796,36.1813],[133.3268,36.1679],[133.3397,36.1699],[133.3341,36.1973],[133.339,36.2182],[133.3697,36.2062],[133.3765,36.2305],[133.3743,36.2532],[133.3842,36.2701],[133.356,36.2927],[133.3417,36.3107],[133.3075,36.3189],[133.2779,36.3391],[133.2622,36.3283],[133.2468,36.3345],[133.2295,36.3283],[133.2232,36.3136],[133.1952,36.3015],[133.1782,36.2497],[133.1919,36.2437],[133.1845,36.2114],[133.2073,36.2099],[133.2326,36.1695],[133.248,36.161]]],[[[131.8651,37.2443],[131.8625,37.243],[131.8649,37.2401],[131.8667,37.241],[131.8651,37.2443]]]]},"properties":{"pref":"32"}},
{"type":"Feature","geometry":{"type":"MultiPolygon","coordinates":[[[[134.1117,34.5884],[134.12,34.5891],[134.1472,34.6169],[134.1696,34.6135],[134.1741,34.634],[134.1695,34.6517],[134.1894,34.6518],[134.2181,34.6844],[134.2424,34.7031],[134.2276,34.7146],[134.2019,34.7099],[134.2034,34.7304],[134.229,34.7304],[134.2431,34.7153],[134.2682,34.7197],[134.2797,34.7328],[134.3109,34.7338],[134.3213,34.7218],[134.3137,34.7377],[134.3198,34.7591],[134.3338,34.7682],[134.3154,34.7808],[134.3165,34.8016],[134.295,34.8181],[134.2832,34.8295],[134.2613,34.8314],[134.2531,34.8513],[134.2629,34.8849],[134.2944,34.9075],[134.2536,34.9461],[134.2754,34.9629],[134.2702,34.9783],[134.2823,34.9965],[134.2641,35.0157],[134.2806,35.035],[134.3161,35.0433],[134.3185,35.0829],[134.3486,35.0903],[134.3525,35.1137],[134.3663,35.1454],[134.3936,35.1527],[134.4082,35.1479],[134.4114,35.1861],[134.3824,35.1945],[134.3805,35.2181],[134.4022,35.241],[134.3806,35.2487],[134.3689,35.2327],[134.338,35.2204],[134.3208,35.2018],[134.2807,35.1966],[134.2664,35.2085],[134.2161,35.1896],[134.1937,35.1895],[134.1897,35.1762],[134.1669,35.1719],[134.1534,35.1949],[134.1617,35.2179],[134.1439,35.2314],[134.1387,35.279],[134.1149,35.2839],[134.0972,35.3059],[134.0696,35.2972],[134.0296,35.3055],[134,35.314],[134.0145,35.3337],[134.0142,35.3504],[133.9968,35.3528],[133.9634,35.346],[133.9453,35.3327],[133.9316,35.3338],[133.9249,35.3075],[133.8995,35.3043],[133.886,35.2945],[133.8627,35.293],[133.8651,35.2731],[133.8433,35.2532],[133.8176,35.2527],[133.7973,35.2941],[133.7835,35.2948],[133.7618,35.3111],[133.6971,35.3265],[133.6782,35.3188],[133.65,35.3359],[133.5957,35.3451],[133.5773,35.3154],[133.5659,35.2554],[133.5549,35.2425],[133.5075,35.2331],[133.5279,35.1881],[133.5256,35.1829],[133.5156,35.1908],[133.4464,35.1722],[133.4078,35.1856],[133.3941,35.1774],[133.4113,35.1225],[133.4029,35.1143],[133.3718,35.1128],[133.3546,35.1009],[133.3383,35.1067],[133.3208,35.0938],[133.2989,35.1035],[133.288,35.096],[133.2904,35.0717],[133.2684,35.0578],[133.3044,35.0152],[133.3212,35.0061],[133.3203,34.9867],[133.2967,34.9554],[133.3089,34.9371],[133.2972,34.8895],[133.3301,34.8559],[133.3283,34.8531],[133.3323,34.8396],[133.3672,34.8191],[133.3778,34.8051],[133.3652,34.7685],[133.369,34.7443],[133.3576,34.7333],[133.3699,34.7117],[133.3826,34.6799],[133.4028,34.6719],[133.3829,34.6215],[133.3965,34.5954],[133.4216,34.5865],[133.4263,34.5704],[133.4453,34.5551],[133.4489,34.5427],[133.4471,34.5188],[133.4543,34.4944],[133.4463,34.4802],[133.4558,34.4598],[133.4893,34.4416],[133.5609,34.4682],[133.5727,34.4659],[133.5939,34.4695],[133.5889,34.4833],[133.6032,34.495],[133.6218,34.4949],[133.659,34.5205],[133.69,34.5123],[133.6908,34.5403],[133.7032,34.5401],[133.7034,34.4779],[133.7428,34.4705],[133.7345,34.4985],[133.7591,34.486],[133.7828,34.4381],[133.8047,34.4363],[133.81,34.4582],[133.8342,34.4744],[133.8678,34.4663],[133.8795,34.4566],[133.9097,34.4509],[133.9428,34.4559],[133.9348,34.4723],[133.975,34.534],[133.9953,34.5326],[134.0013,34.5454],[134.031,34.5584],[134.0335,34.5739],[134.0329,34.5973],[134.0015,34.593],[133.9566,34.5968],[133.9954,34.6135],[134.0423,34.6077],[134.0538,34.5865],[134.0859,34.5805],[134.1117,34.5884]]],[[[133.5452,34.3666],[133.5468,34.4001],[133.5156,34.3841],[133.5452,34.3666]]],[[[134.3209,34.7031],[134.3103,34.7273],[134.2783,34.7222],[134.281,34.7069],[134.3209,34.7031]]]]},"properties":{"pref":"33"}},
{"type":"Feature","geometry":{"type":"MultiPolygon","coordinates":[[[[132.5195,34.3638],[132.5246,34.3588],[132.5237,34.3584],[132.5183,34.3579],[132.5096,34.3534],[132.4945,34.3135],[132.5068,34.2967],[132.5181,34.2809],[132.5143,34.2649],[132.5238,34.2457],[132.5572,34.2373],[132.5468,34.2257],[132.5312,34.2213],[132.5435,34.2088],[132.5377,34.1937],[132.5678,34.1985],[132.5957,34.2287],[132.6396,34.2023],[132.6588,34.2069],[132.6943,34.234],[132.7468,34.2424],[132.7721,34.2532],[132.753,34.2767],[132.7846,34.2769],[132.8009,34.3103],[132.819,34.3163],[132.8539,34.2965],[132.8945,34.3263],[132.9298,34.3261],[132.942,34.3351],[132.9922,34.3365],[133.01,34.3291],[133.0395,34.3312],[133.0605,34.3451],[133.0791,34.3463],[133.0923,34.3887],[133.129,34.3836],[133.1537,34.3936],[133.2107,34.4106],[133.2335,34.4115],[133.2439,34.4235],[133.27,34.4315],[133.2724,34.4135],[133.2848,34.388],[133.3055,34.3875],[133.3232,34.3767],[133.3669,34.3691],[133.3817,34.3823],[133.3844,34.4193],[133.4072,34.4285],[133.4307,34.4241],[133.4445,34.4466],[133.4463,34.4802],[133.4543,34.4944],[133.4471,34.5188],[133.4489,34.5427],[133.4453,34.5551],[133.4263,34.5704],[133.4216,34.5865],[133.3965,34.5954],[133.3829,34.6215],[133.4028,34.6719],[133.3826,34.6799],[133.3699,34.7117],[133.3576,34.7333],[133.369,34.7443],[133.3652,34.7685],[133.3778,34.8051],[133.3672,34.8191],[133.3323,34.8396],[133.3283,34.8531],[133.3301,34.8559],[133.2972,34.8895],[133.3089,34.9371],[133.2967,34.9554],[133.3203,34.9867],[133.3212,35.0061],[133.3044,35.0152],[133.2684,35.0578],[133.2506,35.0781],[133.232,35.0776],[133.1424,35.0652],[133.1357,35.0743],[133.1218,35.0833],[133.0603,35.0814],[133.033,35.0683],[133.0148,35.0865],[132.9902,35.1014],[132.9743,35.0835],[132.9499,35.0755],[132.9088,35.0865],[132.8921,35.105],[132.859,35.0926],[132.827,35.0612],[132.7872,35.0048],[132.7663,34.9912],[132.7468,34.9593],[132.7198,34.9481],[132.707,34.955],[132.6845,34.9507],[132.6729,34.9319],[132.6333,34.9049],[132.663,34.8899],[132.6999,34.8821],[132.7099,34.8499],[132.6972,34.8429],[132.6792,34.8513],[132.6601,34.8327],[132.6507,34.8405],[132.6151,34.8433],[132.5673,34.8064],[132.5536,34.8081],[132.5374,34.7949],[132.5195,34.8037],[132.4844,34.7973],[132.4346,34.8206],[132.398,34.7826],[132.3824,34.7949],[132.3718,34.8012],[132.3356,34.7901],[132.3184,34.8008],[132.298,34.7771],[132.2797,34.7835],[132.2593,34.8065],[132.241,34.8059],[132.2418,34.7845],[132.225,34.7702],[132.2215,34.7503],[132.176,34.7339],[132.13,34.708],[132.154,34.6779],[132.1395,34.6542],[132.1157,34.6127],[132.1299,34.598],[132.1251,34.5825],[132.1152,34.5667],[132.0838,34.5379],[132.0527,34.5299],[132.0359,34.5022],[132.0583,34.4929],[132.0679,34.4675],[132.0802,34.4423],[132.0681,34.4151],[132.0767,34.3888],[132.0692,34.3563],[132.0844,34.3579],[132.1071,34.3279],[132.1267,34.3326],[132.1248,34.3057],[132.1394,34.2847],[132.1335,34.2708],[132.1586,34.2335],[132.2035,34.2245],[132.1926,34.2069],[132.2088,34.2025],[132.2449,34.2107],[132.2269,34.2363],[132.2382,34.2614],[132.2709,34.2771],[132.2906,34.3008],[132.3178,34.324],[132.325,34.3426],[132.3463,34.3565],[132.4125,34.3625],[132.4472,34.3501],[132.4917,34.3536],[132.5195,34.3638]]],[[[132.7377,34.158],[132.7648,34.1785],[132.7586,34.1921],[132.7213,34.1971],[132.7083,34.2044],[132.6859,34.1963],[132.6856,34.1826],[132.7386,34.1729],[132.7377,34.158]]],[[[132.6626,34.1699],[132.6826,34.1858],[132.6759,34.2032],[132.648,34.1849],[132.6626,34.1699]]],[[[132.5504,34.079],[132.566,34.0974],[132.5698,34.1156],[132.5482,34.1167],[132.5478,34.1513],[132.5394,34.1649],[132.556,34.1796],[132.5456,34.1894],[132.5346,34.1875],[132.5365,34.1999],[132.5013,34.1837],[132.493,34.1593],[132.5056,34.1465],[132.5031,34.1331],[132.4812,34.1271],[132.4474,34.108],[132.46,34.0823],[132.4849,34.0914],[132.5186,34.0929],[132.5307,34.1032],[132.5504,34.079]]],[[[132.8197,34.1509],[132.847,34.1608],[132.8673,34.1753],[132.8451,34.1944],[132.8211,34.1861],[132.8025,34.1718],[132.804,34.1535],[132.8197,34.1509]]],[[[133.1122,34.3176],[133.1256,34.3365],[133.1218,34.3515],[133.1038,34.3573],[133.097,34.3392],[133.1122,34.3176]]],[[[133.2114,34.3567],[133.2182,34.3804],[133.238,34.3974],[133.2143,34.4094],[133.1769,34.3958],[133.1745,34.3665],[133.19,34.3575],[133.2114,34.3567]]],[[[133.1921,34.2751],[133.1939,34.2971],[133.2036,34.3187],[133.1944,34.3381],[133.1762,34.3553],[133.149,34.3584],[133.1333,34.3332],[133.1564,34.2984],[133.1921,34.2751]]],[[[133.0775,34.3016],[133.0864,34.3145],[133.0657,34.3259],[133.0646,34.3046],[133.0775,34.3016]]],[[[133.0825,34.2565],[133.1468,34.2895],[133.1392,34.3152],[133.0834,34.3077],[133.0676,34.2729],[133.0825,34.2565]]],[[[133.303,34.3428],[133.3236,34.3601],[133.317,34.3728],[133.2896,34.3554],[133.303,34.3428]]],[[[132.2738,34.2314],[132.3033,34.2445],[132.3465,34.2809],[132.3315,34.3109],[132.32,34.2999],[132.2881,34.2863],[132.2805,34.2689],[132.262,34.2532],[132.2738,34.2314]]],[[[132.4284,34.1284],[132.4552,34.1337],[132.4902,34.1504],[132.4763,34.1783],[132.4743,34.1955],[132.4895,34.204],[132.4973,34.2689],[132.4798,34.2853],[132.4341,34.2853],[132.445,34.2662],[132.4775,34.2352],[132.4428,34.2229],[132.4249,34.2532],[132.3863,34.2601],[132.385,34.2253],[132.4205,34.1965],[132.4225,34.1803],[132.4466,34.1839],[132.4441,34.1515],[132.4284,34.1284]]],[[[132.398,34.1465],[132.4132,34.1507],[132.4106,34.1665],[132.3835,34.1771],[132.3836,34.1565],[132.398,34.1465]]],[[[132.8791,34.2058],[132.9205,34.215],[132.9157,34.2341],[132.9281,34.2467],[132.9403,34.276],[132.932,34.2844],[132.9064,34.2625],[132.8862,34.2616],[132.8399,34.2277],[132.8569,34.2082],[132.8791,34.2058]]]]},"properties":{"pref":"34"}},
{"type":"Feature","geometry":{"type":"MultiPolygon","coordinates":[[[[131.067,34.0389],[131.0916,34.0373],[131.1207,34.0032],[131.1497,34.0032],[131.1703,33.9733],[131.1578,33.9611],[131.1777,33.9315],[131.1986,33.9427],[131.2218,33.9337],[131.2431,33.9458],[131.2486,33.9274],[131.2658,33.9228],[131.2882,33.9333],[131.3057,33.9493],[131.3305,33.9528],[131.3495,33.9656],[131.3473,33.9817],[131.3624,33.9969],[131.3772,34.0079],[131.3798,34.0315],[131.3938,34.035],[131.4273,34.0137],[131.4301,33.9907],[131.4495,33.9954],[131.4773,34.0172],[131.4749,34.0377],[131.4836,34.0281],[131.5128,34.0181],[131.5092,34.0035],[131.539,33.9973],[131.5605,34.0075],[131.5615,34.0131],[131.5786,34.0203],[131.5901,34.0401],[131.6096,34.0212],[131.635,34.0469],[131.6465,34.0403],[131.6729,34.0439],[131.679,34.0545],[131.7183,34.0577],[131.7468,34.0463],[131.7888,34.0535],[131.8177,34.0349],[131.8139,34.0227],[131.782,33.994],[131.7935,33.9873],[131.8186,33.994],[131.8369,34.0094],[131.8586,34.0065],[131.8819,33.9809],[131.8935,33.9807],[131.917,33.9677],[131.9296,33.9506],[131.9628,33.9438],[132.0244,33.9019],[132.0577,33.9241],[132.0607,33.9092],[132.0769,33.8931],[132.1193,33.8754],[132.1149,33.859],[132.1156,33.8365],[132.1393,33.8319],[132.152,33.8431],[132.156,33.8611],[132.1299,33.8845],[132.1309,33.9052],[132.1238,33.947],[132.1397,33.9562],[132.1841,33.9613],[132.1981,33.9804],[132.2128,34.0032],[132.2198,34.0488],[132.2081,34.0623],[132.2091,34.0865],[132.1993,34.1111],[132.2014,34.1251],[132.2328,34.1269],[132.246,34.1481],[132.2485,34.1699],[132.237,34.1961],[132.2449,34.2107],[132.2088,34.2025],[132.1926,34.2069],[132.2035,34.2245],[132.1586,34.2335],[132.1335,34.2708],[132.1394,34.2847],[132.1248,34.3057],[132.1267,34.3326],[132.1071,34.3279],[132.0844,34.3579],[132.0692,34.3563],[132.0767,34.3888],[132.0681,34.4151],[132.0802,34.4423],[132.0679,34.4675],[132.0545,34.4678],[132.0385,34.4689],[132.0158,34.4533],[132.0167,34.4409],[131.9968,34.4279],[131.9968,34.4071],[132.0116,34.3685],[131.9968,34.3643],[131.9747,34.342],[131.9699,34.3243],[131.9415,34.3252],[131.9163,34.3365],[131.8804,34.3087],[131.8301,34.3025],[131.7982,34.3168],[131.774,34.3373],[131.7702,34.3562],[131.7643,34.3826],[131.7833,34.3995],[131.7931,34.4362],[131.7376,34.4288],[131.6976,34.4351],[131.6935,34.4638],[131.6814,34.4921],[131.6672,34.5041],[131.7029,34.5318],[131.7043,34.559],[131.7236,34.5721],[131.7181,34.6121],[131.6942,34.621],[131.6945,34.6555],[131.6837,34.6681],[131.6899,34.681],[131.6717,34.6735],[131.669,34.6599],[131.6453,34.6523],[131.6264,34.6655],[131.6029,34.6619],[131.5925,34.6371],[131.5563,34.6151],[131.5571,34.6033],[131.5541,34.5806],[131.5369,34.5625],[131.5166,34.5539],[131.5033,34.5339],[131.4694,34.5336],[131.4513,34.5166],[131.4613,34.4862],[131.445,34.4785],[131.4229,34.4539],[131.4217,34.441],[131.3957,34.4199],[131.3529,34.4111],[131.3321,34.4153],[131.3285,34.3991],[131.2924,34.3803],[131.271,34.39],[131.249,34.3817],[131.2214,34.3863],[131.1972,34.3973],[131.1895,34.3825],[131.1544,34.3725],[131.1368,34.3911],[131.1307,34.4124],[131.1109,34.4093],[131.0971,34.4199],[131.0753,34.4234],[131.0466,34.4114],[131.0042,34.4152],[131.0022,34.4281],[130.9794,34.4363],[130.9611,34.4278],[130.9578,34.4117],[130.934,34.3926],[130.9546,34.3892],[130.9584,34.4072],[131.0018,34.399],[131.0337,34.3833],[131.034,34.3703],[130.9998,34.3739],[130.9797,34.3636],[130.925,34.3459],[130.9002,34.3545],[130.8899,34.3465],[130.8922,34.3227],[130.8802,34.2947],[130.8664,34.2873],[130.8964,34.2643],[130.9209,34.2391],[130.9316,34.1875],[130.9253,34.1699],[130.8988,34.1485],[130.8926,34.135],[130.8654,34.1356],[130.8616,34.104],[130.8718,34.0986],[130.8825,34.0738],[130.9111,34.0591],[130.9134,34.0431],[130.9031,34.0251],[130.9155,34.0118],[130.9079,33.9925],[130.9161,33.9793],[130.899,33.9446],[130.8984,33.9217],[130.9118,33.9113],[130.9275,33.9262],[130.9213,33.9382],[130.9557,33.9648],[130.9913,33.9865],[131.0203,34.02],[131.0297,34.0392],[131.067,34.0389]]],[[[131.1375,34.7585],[131.1603,34.7641],[131.1413,34.7882],[131.1375,34.7585]]],[[[131.5668,33.9867],[131.5909,33.9994],[131.6005,34.015],[131.5828,34.0239],[131.5803,34.0199],[131.5668,34.0115],[131.5668,33.9867]]],[[[131.8202,33.9307],[131.8353,33.9344],[131.8602,33.9533],[131.8726,33.9705],[131.8584,33.9845],[131.8477,33.9579],[131.8325,33.9557],[131.8058,33.939],[131.8202,33.9307]]],[[[131.1965,34.3983],[131.224,34.4223],[131.2569,34.4234],[131.2442,34.438],[131.2184,34.4261],[131.1713,34.423],[131.1729,34.4075],[131.1965,34.3983]]],[[[132.2564,33.7665],[132.2634,33.7781],[132.2211,33.8152],[132.1872,33.8075],[132.2158,33.781],[132.2343,33.7835],[132.2564,33.7665]]],[[[132.2068,33.8569],[132.2211,33.8744],[132.2674,33.8769],[132.2795,33.8995],[132.3227,33.8918],[132.3363,33.8832],[132.3264,33.8701],[132.3689,33.8638],[132.3632,33.8804],[132.3716,33.9109],[132.4501,33.9325],[132.4227,33.9539],[132.4024,33.9293],[132.3701,33.9283],[132.3488,33.9051],[132.3289,33.9017],[132.3007,33.9199],[132.2842,33.9557],[132.2639,33.9486],[132.2135,33.9651],[132.2115,33.9538],[132.1827,33.9505],[132.1751,33.9299],[132.1754,33.9019],[132.2014,33.8802],[132.2068,33.8569]]],[[[132.0493,33.7847],[132.0598,33.8023],[132.0905,33.8262],[132.1015,33.8436],[132.0824,33.8446],[132.0771,33.8272],[132.0597,33.819],[132.0493,33.7847]]],[[[131.9635,33.7686],[131.9926,33.7803],[131.9727,33.7978],[131.9607,33.7927],[131.9635,33.7686]]]]},"properties":{"pref":"35"}},
{"type":"Feature","geometry":{"type":"MultiPolygon","coordinates":[[[[134.6046,34.1015],[134.6037,34.1197],[134.6142,34.1428],[134.6418,34.1802],[134.623,34.1813],[134.5829,34.2039],[134.5893,34.2249],[134.5835,34.2393],[134.5686,34.2362],[134.5578,34.2216],[134.5397,34.2261],[134.4968,34.2245],[134.4733,34.2095],[134.4397,34.2079],[134.4384,34.191],[134.4334,34.1699],[134.4124,34.1568],[134.3752,34.1716],[134.3493,34.1853],[134.3426,34.1724],[134.3139,34.1771],[134.2963,34.1699],[134.2594,34.1833],[134.2082,34.1746],[134.1734,34.1767],[134.1549,34.1665],[134.1348,34.1513],[134.1379,34.1324],[134.1218,34.1187],[134.0921,34.1147],[134.0801,34.1211],[134.0602,34.1114],[134.0491,34.1173],[134.0267,34.0865],[134.0093,34.0865],[133.9991,34.0746],[133.9679,34.0815],[133.9467,34.0921],[133.9372,34.1077],[133.9214,34.1142],[133.9033,34.1007],[133.8922,34.108],[133.8718,34.1009],[133.8536,34.1037],[133.8218,34.0922],[133.8195,34.0739],[133.7976,34.0695],[133.7825,34.08],[133.7399,34.0501],[133.7231,34.0368],[133.7203,34.022],[133.679,34.0124],[133.6801,33.9696],[133.692,33.9458],[133.6754,33.9311],[133.6872,33.9161],[133.6774,33.8936],[133.6602,33.8816],[133.6768,33.8586],[133.7009,33.8498],[133.7378,33.8495],[133.7468,33.8368],[133.7761,33.8422],[133.7877,33.8365],[133.819,33.8381],[133.8386,33.8446],[133.8533,33.8338],[133.8731,33.8058],[133.8934,33.8043],[133.9131,33.7915],[133.9483,33.8064],[133.9513,33.8293],[133.984,33.8408],[133.9968,33.821],[134.0324,33.8283],[134.033,33.8089],[134.057,33.7795],[134.0561,33.7507],[134.0645,33.7193],[134.0696,33.7111],[134.0575,33.6908],[134.0668,33.6885],[134.1218,33.6959],[134.1474,33.6849],[134.1633,33.6881],[134.1743,33.6836],[134.1711,33.6571],[134.1835,33.6489],[134.1492,33.6291],[134.1556,33.6116],[134.1847,33.5868],[134.1953,33.5606],[134.2197,33.5667],[134.2372,33.5526],[134.2733,33.5605],[134.3052,33.5485],[134.3108,33.5763],[134.3219,33.5823],[134.3633,33.5889],[134.3679,33.6067],[134.3888,33.6233],[134.3632,33.6287],[134.3895,33.6503],[134.4184,33.6656],[134.438,33.663],[134.4719,33.6815],[134.5023,33.6942],[134.5427,33.7198],[134.5433,33.7366],[134.5658,33.7337],[134.5797,33.7699],[134.6013,33.7719],[134.6208,33.7867],[134.6505,33.7895],[134.6785,33.8043],[134.7468,33.8319],[134.6996,33.836],[134.6866,33.8523],[134.6679,33.8439],[134.6331,33.8663],[134.667,33.8791],[134.6985,33.9063],[134.7058,33.9257],[134.6978,33.9501],[134.6677,33.9622],[134.6513,33.9864],[134.6427,34.0032],[134.6182,33.9868],[134.5962,34.0013],[134.6001,34.0187],[134.5879,34.0299],[134.5976,34.0539],[134.6046,34.1015]]],[[[134.5914,34.2144],[134.6171,34.2441],[134.6044,34.2515],[134.5875,34.2301],[134.5911,34.2266],[134.5914,34.2144]]],[[[134.6218,34.1858],[134.6366,34.2336],[134.6104,34.2053],[134.6218,34.1858]]]]},"properties":{"pref":"36"}},
{"type":"Feature","geometry":{"type":"MultiPolygon","coordinates":[[[[134.1348,34.1513],[134.1549,34.1665],[134.1734,34.1767],[134.2082,34.1746],[134.2594,34.1833],[134.2963,34.1699],[134.3139,34.1771],[134.3426,34.1724],[134.3493,34.1853],[134.3752,34.1716],[134.4124,34.1568],[134.4334,34.1699],[134.4384,34.191],[134.4397,34.2079],[134.4075,34.2246],[134.4091,34.2367],[134.3915,34.2532],[134.3636,34.2495],[134.3379,34.2562],[134.3053,34.2778],[134.2877,34.2755],[134.262,34.2829],[134.2468,34.3077],[134.2651,34.3197],[134.2553,34.3474],[134.2332,34.3373],[134.2179,34.3507],[134.1906,34.3443],[134.1795,34.3253],[134.165,34.3259],[134.1534,34.3426],[134.1632,34.3752],[134.1568,34.3903],[134.1318,34.3997],[134.1163,34.3772],[134.102,34.3774],[134.0825,34.3491],[133.9968,34.3546],[133.9759,34.3733],[133.9433,34.3753],[133.927,34.3896],[133.9206,34.3778],[133.8884,34.374],[133.894,34.3542],[133.85,34.3251],[133.8381,34.3386],[133.8565,34.3456],[133.8516,34.3603],[133.8205,34.3379],[133.8271,34.3261],[133.8286,34.3229],[133.8058,34.3106],[133.7813,34.3099],[133.7615,34.2999],[133.7638,34.2842],[133.7307,34.2786],[133.7366,34.2632],[133.7082,34.2407],[133.6471,34.2329],[133.6218,34.2355],[133.6107,34.2507],[133.5891,34.2564],[133.5808,34.244],[133.6051,34.2333],[133.6099,34.2231],[133.6346,34.2085],[133.6477,34.1853],[133.6457,34.1642],[133.6366,34.1232],[133.6367,34.0836],[133.6269,34.0529],[133.5979,34.0436],[133.6393,34.0259],[133.6658,34.0263],[133.679,34.0124],[133.7203,34.022],[133.7231,34.0368],[133.7399,34.0501],[133.7825,34.08],[133.7976,34.0695],[133.8195,34.0739],[133.8218,34.0922],[133.8536,34.1037],[133.8718,34.1009],[133.8922,34.108],[133.9033,34.1007],[133.9214,34.1142],[133.9372,34.1077],[133.9467,34.0921],[133.9679,34.0815],[133.9991,34.0746],[134.0093,34.0865],[134.0267,34.0865],[134.0491,34.1173],[134.0602,34.1114],[134.0801,34.1211],[134.0921,34.1147],[134.1218,34.1187],[134.1379,34.1324],[134.1348,34.1513]]],[[[133.6659,34.3825],[133.6749,34.407],[133.657,34.4066],[133.6659,34.3825]]],[[[133.7639,34.3691],[133.7914,34.3902],[133.7763,34.4008],[133.7532,34.3874],[133.7639,34.3691]]],[[[133.6994,34.3517],[133.7299,34.3739],[133.7173,34.3941],[133.6903,34.3787],[133.685,34.3606],[133.6994,34.3517]]],[[[134.1991,34.4825],[134.2277,34.4805],[134.2413,34.4581],[134.232,34.4145],[134.2616,34.4507],[134.2671,34.4675],[134.2967,34.4798],[134.3128,34.4768],[134.3149,34.459],[134.3294,34.4455],[134.3486,34.4621],[134.3425,34.4847],[134.3595,34.5301],[134.3446,34.5416],[134.3495,34.5641],[134.332,34.5631],[134.3028,34.5488],[134.2576,34.5493],[134.2367,34.529],[134.2216,34.5291],[134.1823,34.5158],[134.1672,34.5241],[134.1661,34.4935],[134.144,34.4783],[134.1517,34.4603],[134.175,34.4763],[134.1991,34.4825]]],[[[134.0795,34.4598],[134.1028,34.4799],[134.0819,34.4999],[134.0381,34.4783],[134.0795,34.4598]]],[[[133.9913,34.4431],[133.9968,34.4612],[133.9822,34.4734],[133.9736,34.4531],[133.9913,34.4431]]]]},"properties":{"pref":"37"}},
{"type":"Feature","geometry":{"type":"MultiPolygon","coordinates":[[[[132.6864,33.8047],[132.6978,33.7763],[132.6979,33.7593],[132.6768,33.7441],[132.6735,33.7303],[132.6514,33.6966],[132.5809,33.6521],[132.5306,33.6375],[132.4716,33.6047],[132.4325,33.5671],[132.4246,33.5515],[132.3865,33.5277],[132.3565,33.5162],[132.3064,33.487],[132.2947,33.4872],[132.2644,33.4587],[132.231,33.4617],[132.2233,33.4445],[132.1711,33.4447],[132.175,33.4274],[132.1541,33.4069],[132.1369,33.4199],[132.1153,33.4175],[132.083,33.3964],[132.1033,33.3734],[132.1295,33.364],[132.1536,33.3904],[132.1832,33.4123],[132.2375,33.4262],[132.2555,33.4412],[132.2798,33.4469],[132.299,33.4745],[132.3713,33.4697],[132.3865,33.4596],[132.4077,33.4578],[132.4133,33.4401],[132.3855,33.4199],[132.3941,33.3959],[132.378,33.3846],[132.4193,33.3565],[132.3688,33.3224],[132.3988,33.3147],[132.4173,33.3033],[132.4635,33.3116],[132.4921,33.3255],[132.4977,33.3117],[132.4821,33.2889],[132.4811,33.2744],[132.5019,33.2688],[132.5508,33.2249],[132.5112,33.2131],[132.5022,33.2019],[132.5099,33.1759],[132.4764,33.1699],[132.4571,33.1781],[132.4362,33.1699],[132.4241,33.1559],[132.4546,33.1367],[132.4771,33.1413],[132.4662,33.0899],[132.4779,33.084],[132.4731,33.061],[132.4307,33.056],[132.4244,33.0671],[132.3967,33.0562],[132.4028,33.0439],[132.3947,33.0275],[132.3777,33.0227],[132.3959,33.0207],[132.4168,33.0579],[132.4325,33.0513],[132.4385,33.0505],[132.4587,33.0459],[132.4842,33.0439],[132.4848,33.0101],[132.5056,33.0032],[132.4959,32.9762],[132.4816,32.9612],[132.5023,32.9557],[132.4945,32.9422],[132.4692,32.9355],[132.4775,32.9046],[132.5165,32.904],[132.5267,32.9199],[132.5139,32.9499],[132.5667,32.9471],[132.5864,32.9385],[132.5902,32.9249],[132.614,32.9192],[132.6546,32.9249],[132.6605,32.9422],[132.6779,32.9432],[132.6859,32.9772],[132.6773,33.0092],[132.6754,33.0397],[132.657,33.057],[132.6687,33.0717],[132.6627,33.1089],[132.6515,33.1117],[132.6352,33.1329],[132.6307,33.1501],[132.6142,33.1693],[132.6364,33.1845],[132.6338,33.1783],[132.6869,33.1349],[132.7278,33.1699],[132.7468,33.2028],[132.775,33.2062],[132.7724,33.2417],[132.7864,33.2621],[132.7867,33.2669],[132.8177,33.2835],[132.8546,33.2922],[132.8951,33.3121],[132.9009,33.3271],[132.8879,33.3579],[132.8606,33.3675],[132.8524,33.3881],[132.8357,33.3995],[132.8244,33.4236],[132.825,33.4462],[132.8063,33.4605],[132.8207,33.4726],[132.8474,33.4791],[132.8718,33.4709],[132.9001,33.4703],[132.9402,33.4717],[132.9557,33.4663],[132.9884,33.4737],[133.0148,33.4808],[133.0132,33.4905],[133.0374,33.5185],[133.038,33.5266],[133.063,33.5435],[133.0612,33.562],[133.046,33.5754],[133.0553,33.595],[133.079,33.6086],[133.0676,33.6199],[133.0768,33.6534],[133.1161,33.6603],[133.1201,33.6911],[133.1444,33.7055],[133.1394,33.7154],[133.1605,33.7314],[133.1573,33.7502],[133.1821,33.7667],[133.1932,33.7937],[133.2205,33.7803],[133.2569,33.7943],[133.2668,33.8225],[133.2767,33.8308],[133.3258,33.8145],[133.3552,33.8342],[133.3914,33.8247],[133.4154,33.8397],[133.4546,33.8369],[133.4862,33.8295],[133.5074,33.8357],[133.5248,33.8533],[133.5391,33.8774],[133.5567,33.8821],[133.5826,33.8676],[133.6063,33.8814],[133.6602,33.8816],[133.6774,33.8936],[133.6872,33.9161],[133.6754,33.9311],[133.692,33.9458],[133.6801,33.9696],[133.679,34.0124],[133.6658,34.0263],[133.6393,34.0259],[133.5979,34.0436],[133.5513,33.9947],[133.5112,33.9698],[133.4884,33.9692],[133.4517,33.9835],[133.3882,33.9857],[133.356,33.9789],[133.3436,33.991],[133.3247,33.9937],[133.3056,33.9829],[133.2812,33.987],[133.2479,33.9753],[133.2505,33.9628],[133.2337,33.9517],[133.1713,33.9397],[133.1331,33.9271],[133.1071,33.9478],[133.088,33.9502],[133.0662,33.9826],[133.0364,34.0377],[133.0207,34.0612],[133.0048,34.0683],[132.9723,34.1151],[132.9521,34.1252],[132.9444,34.138],[132.9215,34.1163],[132.9306,34.0941],[132.9197,34.0666],[132.8568,34.0548],[132.8542,34.0457],[132.8078,34.0188],[132.7696,33.9991],[132.7697,33.9598],[132.7527,33.9093],[132.7364,33.9031],[132.7089,33.9072],[132.6997,33.8799],[132.7096,33.8541],[132.6893,33.8365],[132.6864,33.8047]]],[[[132.6002,33.9428],[132.6148,33.957],[132.6437,33.9609],[132.6402,34.0032],[132.6062,33.9867],[132.5885,33.9703],[132.6002,33.9428]]],[[[132.5408,33.9613],[132.5556,33.9826],[132.5355,33.9883],[132.5408,33.9613]]],[[[132.9591,34.1911],[133.0022,34.2097],[133.0323,34.2085],[133.0518,34.2275],[133.0472,34.2584],[133.024,34.2955],[133.0105,34.2993],[132.9835,34.2906],[132.9943,34.252],[132.9897,34.2273],[132.9641,34.2273],[132.9445,34.2085],[132.9591,34.1911]]],[[[133.1102,34.191],[133.1325,34.2127],[133.1083,34.2218],[133.0949,34.2386],[133.0587,34.2264],[133.079,34.1938],[133.0958,34.2047],[133.1102,34.191]]],[[[133.0343,34.1077],[133.0879,34.1577],[133.0663,34.1917],[133.0369,34.1949],[133.0214,34.1768],[133.0304,34.1563],[133.0147,34.1409],[133.0343,34.1077]]],[[[132.5193,33.2176],[132.5339,33.2263],[132.5164,33.2404],[132.507,33.2297],[132.5193,33.2176]]],[[[133.2055,34.2386],[133.2088,34.2587],[133.2278,34.2679],[133.2118,34.2843],[133.1986,34.2681],[133.2055,34.2386]]],[[[133.1327,34.2409],[133.1652,34.2565],[133.1514,34.2806],[133.13,34.2571],[133.1327,34.2409]]]]},"properties":{"pref":"38"}},
{"type":"Feature","geometry":{"type":"MultiPolygon","coordinates":[[[[133.6009,33.5192],[133.6813,33.5339],[133.729,33.5381],[133.7556,33.5317],[133.7695,33.5155],[133.8196,33.5151],[133.8378,33.5075],[133.9097,33.4947],[133.9343,33.4866],[133.9409,33.4639],[133.9555,33.446],[133.9924,33.4276],[134.0107,33.4219],[134.0306,33.4122],[134.0332,33.3783],[134.067,33.3563],[134.0774,33.3405],[134.1021,33.327],[134.1121,33.2935],[134.1383,33.2958],[134.1627,33.2649],[134.1837,33.2601],[134.187,33.293],[134.2096,33.3944],[134.2347,33.4421],[134.2413,33.4631],[134.2706,33.5032],[134.2882,33.5199],[134.2856,33.5308],[134.3052,33.5485],[134.2733,33.5605],[134.2372,33.5526],[134.2197,33.5667],[134.1953,33.5606],[134.1847,33.5868],[134.1556,33.6116],[134.1492,33.6291],[134.1835,33.6489],[134.1711,33.6571],[134.1743,33.6836],[134.1633,33.6881],[134.1474,33.6849],[134.1218,33.6959],[134.0668,33.6885],[134.0575,33.6908],[134.0696,33.7111],[134.0645,33.7193],[134.0561,33.7507],[134.057,33.7795],[134.033,33.8089],[134.0324,33.8283],[133.9968,33.821],[133.984,33.8408],[133.9513,33.8293],[133.9483,33.8064],[133.9131,33.7915],[133.8934,33.8043],[133.8731,33.8058],[133.8533,33.8338],[133.8386,33.8446],[133.819,33.8381],[133.7877,33.8365],[133.7761,33.8422],[133.7468,33.8368],[133.7378,33.8495],[133.7009,33.8498],[133.6768,33.8586],[133.6602,33.8816],[133.6063,33.8814],[133.5826,33.8676],[133.5567,33.8821],[133.5391,33.8774],[133.5248,33.8533],[133.5074,33.8357],[133.4862,33.8295],[133.4546,33.8369],[133.4154,33.8397],[133.3914,33.8247],[133.3552,33.8342],[133.3258,33.8145],[133.2767,33.8308],[133.2668,33.8225],[133.2569,33.7943],[133.2205,33.7803],[133.1932,33.7937],[133.1821,33.7667],[133.1573,33.7502],[133.1605,33.7314],[133.1394,33.7154],[133.1444,33.7055],[133.1201,33.6911],[133.1161,33.6603],[133.0768,33.6534],[133.0676,33.6199],[133.079,33.6086],[133.0553,33.595],[133.046,33.5754],[133.0612,33.562],[133.063,33.5435],[133.038,33.5266],[133.0374,33.5185],[133.0132,33.4905],[133.0148,33.4808],[132.9884,33.4737],[132.9557,33.4663],[132.9402,33.4717],[132.9001,33.4703],[132.8718,33.4709],[132.8474,33.4791],[132.8207,33.4726],[132.8063,33.4605],[132.825,33.4462],[132.8244,33.4236],[132.8357,33.3995],[132.8524,33.3881],[132.8606,33.3675],[132.8879,33.3579],[132.9009,33.3271],[132.8951,33.3121],[132.8546,33.2922],[132.8177,33.2835],[132.7867,33.2669],[132.7864,33.2621],[132.7724,33.2417],[132.775,33.2062],[132.7468,33.2028],[132.7278,33.1699],[132.6869,33.1349],[132.6338,33.1783],[132.6364,33.1845],[132.6142,33.1693],[132.6307,33.1501],[132.6352,33.1329],[132.6515,33.1117],[132.6627,33.1089],[132.6687,33.0717],[132.657,33.057],[132.6754,33.0397],[132.6773,33.0092],[132.6859,32.9772],[132.6779,32.9432],[132.6605,32.9422],[132.6546,32.9249],[132.6676,32.9193],[132.7017,32.9192],[132.7149,32.9128],[132.7041,32.888],[132.661,32.8559],[132.6613,32.8405],[132.644,32.82],[132.6477,32.7755],[132.6688,32.7841],[132.6836,32.7812],[132.7109,32.7983],[132.7293,32.7779],[132.7427,32.7727],[132.7564,32.7532],[132.7703,32.7617],[132.7858,32.7567],[132.8148,32.7532],[132.8505,32.7853],[132.8888,32.7903],[132.9245,32.7827],[132.9706,32.7468],[132.9726,32.7323],[133.0002,32.7227],[133.0217,32.7263],[133.0167,32.7617],[133.0011,32.7873],[132.9658,32.7994],[132.9522,32.8127],[132.9591,32.8273],[132.9486,32.8565],[132.9604,32.8644],[132.9935,32.8685],[133.0087,32.8819],[133.0082,32.9117],[132.9933,32.9304],[132.9977,32.9801],[133.0111,33.0151],[133.0396,33.0379],[133.0928,33.0355],[133.1043,33.0725],[133.141,33.0971],[133.1635,33.1351],[133.17,33.1502],[133.2341,33.2036],[133.2558,33.2261],[133.2555,33.2377],[133.2628,33.2576],[133.2419,33.2758],[133.2379,33.2959],[133.2603,33.3101],[133.2309,33.3235],[133.2633,33.3403],[133.2633,33.3609],[133.2794,33.384],[133.3317,33.3724],[133.3295,33.3873],[133.3464,33.4002],[133.3946,33.4012],[133.4424,33.4193],[133.4338,33.4281],[133.4317,33.4369],[133.4786,33.4583],[133.5621,33.4963],[133.5649,33.5145],[133.6009,33.5192]]],[[[132.5426,32.7023],[132.5701,32.7136],[132.5708,32.7356],[132.5443,32.7489],[132.5416,32.7309],[132.5499,32.7141],[132.5426,32.7023]]]]},"properties":{"pref":"39"}},
{"type":"Feature","geometry":{"type":"MultiPolygon","coordinates":[[[[130.6724,33.9187],[130.6523,33.8933],[130.6348,33.8854],[130.5941,33.8779],[130.5687,33.88],[130.5637,33.8907],[130.5421,33.8891],[130.529,33.8827],[130.5164,33.8601],[130.4789,33.8507],[130.4723,33.8183],[130.4522,33.8107],[130.4446,33.7945],[130.47,33.7739],[130.4665,33.7537],[130.4463,33.725],[130.4171,33.7125],[130.4095,33.6967],[130.3718,33.6714],[130.3371,33.6603],[130.3146,33.6629],[130.303,33.6874],[130.2855,33.6786],[130.2953,33.6631],[130.3266,33.6579],[130.3559,33.6434],[130.3614,33.6603],[130.3931,33.6699],[130.417,33.6863],[130.4341,33.6626],[130.404,33.6521],[130.4028,33.6228],[130.3952,33.6101],[130.3453,33.5949],[130.3117,33.5982],[130.2914,33.5803],[130.2647,33.5922],[130.2725,33.6115],[130.231,33.6165],[130.2239,33.635],[130.208,33.6494],[130.1969,33.6398],[130.1561,33.6283],[130.1595,33.608],[130.1459,33.5953],[130.1218,33.59],[130.1063,33.5965],[130.0961,33.5746],[130.1218,33.5739],[130.1342,33.5661],[130.1521,33.5369],[130.1339,33.5287],[130.1218,33.5088],[130.0972,33.5091],[130.0469,33.4953],[130.0387,33.4697],[130.0997,33.4706],[130.107,33.4776],[130.1384,33.4705],[130.15,33.4774],[130.1679,33.4675],[130.1839,33.4675],[130.198,33.4811],[130.233,33.4782],[130.2468,33.4707],[130.2712,33.4793],[130.2975,33.4624],[130.3207,33.4579],[130.3389,33.4445],[130.3774,33.4249],[130.3953,33.4273],[130.4144,33.4103],[130.4102,33.395],[130.4374,33.4006],[130.444,33.4173],[130.4605,33.4283],[130.4613,33.428],[130.4751,33.4375],[130.5116,33.4493],[130.5362,33.4382],[130.5408,33.3941],[130.541,33.3663],[130.5352,33.3428],[130.5098,33.3438],[130.4968,33.3259],[130.479,33.3307],[130.482,33.3049],[130.4579,33.3037],[130.4526,33.2831],[130.4396,33.2649],[130.4166,33.2681],[130.4146,33.2532],[130.3843,33.2403],[130.3731,33.2443],[130.3766,33.2204],[130.3386,33.2033],[130.3514,33.1707],[130.3549,33.1404],[130.3737,33.1394],[130.3718,33.1207],[130.3961,33.108],[130.3871,33.0951],[130.41,33.0859],[130.4165,33.0717],[130.4242,33.0527],[130.4132,33.0029],[130.5036,33.0045],[130.5151,33.0121],[130.4942,33.0494],[130.5175,33.0654],[130.5307,33.0643],[130.5411,33.0821],[130.565,33.0872],[130.5609,33.104],[130.5797,33.1157],[130.6091,33.1093],[130.6326,33.1132],[130.6548,33.1085],[130.6676,33.1381],[130.6668,33.1571],[130.7221,33.1517],[130.7708,33.1245],[130.7921,33.1229],[130.8389,33.1039],[130.8639,33.1251],[130.8736,33.1668],[130.8865,33.1867],[130.8626,33.1936],[130.8357,33.2114],[130.8577,33.2298],[130.8293,33.2346],[130.824,33.2533],[130.8597,33.2673],[130.8517,33.2782],[130.8654,33.2929],[130.8499,33.3365],[130.8345,33.3435],[130.8609,33.3628],[130.859,33.373],[130.8855,33.3798],[130.8909,33.4299],[130.8993,33.4491],[130.9254,33.4575],[130.9254,33.4779],[130.9491,33.4876],[130.9808,33.5077],[130.9891,33.5091],[131.015,33.5098],[131.0356,33.5182],[131.0667,33.509],[131.106,33.5075],[131.1293,33.5021],[131.1626,33.5082],[131.1657,33.5284],[131.1872,33.5462],[131.1891,33.5619],[131.1719,33.5883],[131.1845,33.6162],[131.1654,33.6169],[131.1142,33.6303],[131.0987,33.6187],[131.0858,33.6341],[131.0797,33.6477],[131.045,33.6885],[131.0253,33.7144],[131.0176,33.7471],[131.0032,33.7498],[131.0169,33.7681],[130.9968,33.7963],[130.9804,33.8106],[130.9658,33.8094],[130.9596,33.839],[130.9926,33.8509],[131.003,33.8894],[130.9871,33.9002],[131.013,33.9199],[131.0108,33.9415],[131.0229,33.9589],[131.0001,33.9696],[130.9912,33.9623],[130.9621,33.962],[130.9624,33.9475],[130.9449,33.9378],[130.9297,33.9069],[130.9142,33.8958],[130.8868,33.9021],[130.8543,33.9295],[130.8233,33.9199],[130.8062,33.9305],[130.7767,33.9342],[130.7276,33.9297],[130.7116,33.9384],[130.6861,33.9349],[130.6724,33.9187]]],[[[130.8216,33.9303],[130.8137,33.9433],[130.778,33.9458],[130.7817,33.935],[130.8216,33.9303]]],[[[131.0321,33.8196],[131.0415,33.821],[131.0343,33.8577],[131.0246,33.8563],[131.0321,33.8196]]],[[[130.4262,33.8871],[130.4467,33.9112],[130.4071,33.9111],[130.4055,33.8973],[130.4262,33.8871]]]]},"properties":{"pref":"40"}},
{"type":"Feature","geometry":{"type":"Polygon","coordinates":[[[130.2712,33.4793],[130.2468,33.4707],[130.233,33.4782],[130.198,33.4811],[130.1839,33.4675],[130.1679,33.4675],[130.15,33.4774],[130.1384,33.4705],[130.107,33.4776],[130.0997,33.4706],[130.0387,33.4697],[130.0402,33.4558],[130.0194,33.4463],[129.9968,33.4467],[129.9612,33.4586],[129.9469,33.4723],[129.9435,33.4935],[129.9678,33.5132],[129.9288,33.537],[129.8958,33.5494],[129.8814,33.532],[129.8603,33.5421],[129.8477,33.5159],[129.8557,33.5113],[129.839,33.4947],[129.8408,33.4711],[129.8547,33.4687],[129.8506,33.4471],[129.8344,33.4505],[129.8187,33.4832],[129.7936,33.4713],[129.7828,33.4541],[129.7896,33.4423],[129.8097,33.4347],[129.8304,33.4139],[129.8639,33.3931],[129.8426,33.3246],[129.8313,33.3038],[129.7899,33.3403],[129.7755,33.3322],[129.7588,33.2903],[129.7769,33.2701],[129.8132,33.2363],[129.8066,33.2101],[129.818,33.1835],[129.8372,33.1732],[129.8517,33.1767],[129.8717,33.1651],[129.8877,33.1563],[129.9377,33.1651],[129.948,33.1345],[129.9504,33.1099],[129.9243,33.1056],[129.9215,33.0904],[129.9389,33.0727],[129.9825,33.0564],[130.0087,33.019],[130.0244,33.0208],[130.0413,33.0039],[130.0436,33.004],[130.061,32.986],[130.0752,32.9873],[130.0857,32.9748],[130.1497,32.9625],[130.2027,32.9569],[130.2198,32.9595],[130.2206,32.9751],[130.1913,32.9994],[130.1702,33.037],[130.1683,33.0517],[130.1437,33.0731],[130.1223,33.1231],[130.149,33.1127],[130.1891,33.1461],[130.2217,33.1653],[130.2312,33.1857],[130.2148,33.1968],[130.2314,33.1979],[130.2514,33.1894],[130.285,33.1615],[130.2878,33.1469],[130.3549,33.1404],[130.3514,33.1707],[130.3386,33.2033],[130.3766,33.2204],[130.3731,33.2443],[130.3843,33.2403],[130.4146,33.2532],[130.4166,33.2681],[130.4396,33.2649],[130.4526,33.2831],[130.4579,33.3037],[130.482,33.3049],[130.479,33.3307],[130.4968,33.3259],[130.5098,33.3438],[130.5352,33.3428],[130.541,33.3663],[130.5408,33.3941],[130.5362,33.4382],[130.5116,33.4493],[130.4751,33.4375],[130.4613,33.428],[130.4605,33.4283],[130.444,33.4173],[130.4374,33.4006],[130.4102,33.395],[130.4144,33.4103],[130.3953,33.4273],[130.3774,33.4249],[130.3389,33.4445],[130.3207,33.4579],[130.2975,33.4624],[130.2712,33.4793]]]},"properties":{"pref":"41"}},
{"type":"Feature","geometry":{"type":"MultiPolygon","coordinates":[[[[129.8086,32.9603],[129.8059,32.9619],[129.8227,32.9717],[129.8001,33.0076],[129.7609,33.0158],[129.7425,32.9894],[129.7315,33.0003],[129.7354,33.0188],[129.7609,33.0493],[129.7352,33.0647],[129.7281,33.0753],[129.6783,33.0996],[129.6575,33.0395],[129.6462,33.0357],[129.6545,33.0085],[129.6282,32.9785],[129.6343,32.9473],[129.6511,32.9311],[129.668,32.8956],[129.678,32.8823],[129.6847,32.8519],[129.7181,32.8305],[129.7363,32.8074],[129.7514,32.8177],[129.7714,32.8145],[129.776,32.7977],[129.8131,32.7548],[129.8048,32.7438],[129.8262,32.7326],[129.8181,32.7207],[129.8499,32.7186],[129.8444,32.6978],[129.8167,32.7063],[129.8162,32.6552],[129.8089,32.6557],[129.7896,32.6257],[129.7866,32.6116],[129.7634,32.5944],[129.784,32.5819],[129.8046,32.5921],[129.8365,32.6222],[129.8344,32.6332],[129.8951,32.6628],[129.9028,32.6812],[129.9551,32.7415],[129.9459,32.7561],[129.958,32.7644],[129.9868,32.7589],[130.0224,32.7585],[130.0559,32.7811],[130.0835,32.7945],[130.124,32.7879],[130.143,32.7961],[130.1793,32.7939],[130.2058,32.729],[130.184,32.7068],[130.1365,32.6809],[130.1281,32.6553],[130.13,32.6392],[130.1665,32.6213],[130.1811,32.5933],[130.1909,32.609],[130.2194,32.6057],[130.2399,32.628],[130.276,32.6537],[130.301,32.6515],[130.3527,32.6817],[130.3564,32.6953],[130.3447,32.7085],[130.3722,32.7373],[130.3682,32.7643],[130.3773,32.7782],[130.3385,32.8561],[130.3186,32.8666],[130.3032,32.8767],[130.2804,32.8782],[130.259,32.8716],[130.2414,32.8749],[130.2191,32.8584],[130.1783,32.8431],[130.1575,32.8408],[130.1553,32.8427],[130.1493,32.8472],[130.119,32.8739],[130.1163,32.8823],[130.1527,32.9001],[130.1651,32.9141],[130.1791,32.9143],[130.198,32.9381],[130.2027,32.9569],[130.1497,32.9625],[130.0857,32.9748],[130.0752,32.9873],[130.061,32.986],[130.0436,33.004],[130.0413,33.0039],[130.0244,33.0208],[130.0087,33.019],[129.9825,33.0564],[129.9389,33.0727],[129.9215,33.0904],[129.9243,33.1056],[129.9504,33.1099],[129.948,33.1345],[129.9377,33.1651],[129.8877,33.1563],[129.8717,33.1651],[129.8517,33.1767],[129.8372,33.1732],[129.818,33.1835],[129.8066,33.2101],[129.8132,33.2363],[129.7769,33.2701],[129.7588,33.2903],[129.7755,33.3322],[129.7899,33.3403],[129.79,33.3693],[129.7747,33.3711],[129.7622,33.3542],[129.7444,33.3671],[129.7043,33.3465],[129.6859,33.3615],[129.6557,33.3745],[129.6322,33.3623],[129.5762,33.38],[129.5711,33.3365],[129.5613,33.3244],[129.5743,33.3089],[129.5915,33.3045],[129.6073,33.3148],[129.5733,33.2759],[129.564,33.2562],[129.5628,33.2172],[129.5915,33.2138],[129.6159,33.205],[129.6392,33.2071],[129.6363,33.2251],[129.6488,33.2077],[129.6545,33.1841],[129.6421,33.1745],[129.6771,33.1651],[129.6867,33.136],[129.6604,33.1123],[129.7032,33.1163],[129.7094,33.1249],[129.7042,33.1558],[129.7213,33.154],[129.7201,33.1369],[129.7661,33.1251],[129.7524,33.1002],[129.7288,33.0991],[129.7441,33.0624],[129.7694,33.0605],[129.7663,33.0769],[129.7925,33.0824],[129.8031,33.0669],[129.8362,33.0597],[129.8759,33.0641],[129.8922,33.0565],[129.9176,33.0321],[129.9448,33.014],[129.9482,32.9905],[129.9412,32.9741],[129.9272,32.9687],[129.9278,32.9358],[129.9339,32.9199],[129.966,32.8916],[129.9618,32.8769],[130.0077,32.8463],[129.9845,32.8351],[129.9473,32.8631],[129.9325,32.8576],[129.9172,32.8685],[129.8895,32.871],[129.8705,32.8513],[129.8515,32.8605],[129.8329,32.8495],[129.7961,32.8708],[129.8063,32.8866],[129.8044,32.9078],[129.7872,32.9199],[129.783,32.9371],[129.8163,32.9332],[129.809,32.9603],[129.8086,32.9603]]],[[[129.1179,33.2456],[129.1496,33.2699],[129.1383,33.2959],[129.0911,33.2875],[129.0697,33.2702],[129.0974,33.2501],[129.1179,33.2456]]],[[[129.5358,33.1316],[129.5433,33.1518],[129.5132,33.1405],[129.5358,33.1316]]],[[[129.5528,33.4693],[129.5749,33.4823],[129.5517,33.4905],[129.5545,33.5099],[129.5317,33.5032],[129.5173,33.4753],[129.5528,33.4693]]],[[[129.4156,33.351],[129.4342,33.3549],[129.4291,33.3789],[129.4356,33.3968],[129.4226,33.4199],[129.3989,33.3586],[129.4156,33.351]]],[[[129.3748,33.169],[129.4333,33.1909],[129.453,33.2144],[129.5007,33.2597],[129.5034,33.2999],[129.5261,33.3036],[129.5148,33.3242],[129.5372,33.3321],[129.5449,33.3487],[129.5657,33.3589],[129.5529,33.4093],[129.5316,33.4011],[129.528,33.3887],[129.5506,33.3805],[129.4968,33.3551],[129.4363,33.3471],[129.4422,33.3303],[129.4318,33.314],[129.446,33.2961],[129.4038,33.2705],[129.3984,33.2399],[129.3842,33.2297],[129.381,33.2067],[129.4022,33.1849],[129.3476,33.1821],[129.3748,33.169]]],[[[129.7322,33.4057],[129.7442,33.4075],[129.7687,33.4423],[129.7485,33.4496],[129.7323,33.4268],[129.7322,33.4057]]],[[[129.8122,33.3485],[129.8235,33.3624],[129.8469,33.3679],[129.8586,33.3786],[129.8082,33.4033],[129.8122,33.3485]]],[[[129.3831,34.4243],[129.3684,34.453],[129.3855,34.4584],[129.4069,34.4863],[129.4362,34.5078],[129.4701,34.5539],[129.4744,34.5853],[129.4691,34.6079],[129.4878,34.6441],[129.4894,34.665],[129.471,34.6781],[129.474,34.6923],[129.4416,34.701],[129.4179,34.6889],[129.3825,34.6489],[129.3514,34.6496],[129.3186,34.6324],[129.3059,34.5959],[129.2857,34.56],[129.3076,34.5595],[129.3269,34.5381],[129.2954,34.5037],[129.2908,34.4875],[129.2734,34.4677],[129.2711,34.391],[129.2931,34.3754],[129.3139,34.3413],[129.3323,34.3703],[129.3531,34.3447],[129.3442,34.3227],[129.348,34.3058],[129.3623,34.3027],[129.3718,34.3362],[129.393,34.3618],[129.3821,34.3721],[129.3769,34.3983],[129.3831,34.4243]]],[[[129.3328,34.3043],[129.325,34.3361],[129.3103,34.3257],[129.3193,34.3081],[129.3328,34.3043]]],[[[129.2134,34.0839],[129.281,34.1303],[129.2735,34.1459],[129.2945,34.1607],[129.298,34.2006],[129.3224,34.2349],[129.3149,34.2439],[129.3285,34.2759],[129.352,34.2775],[129.3453,34.2859],[129.3489,34.2909],[129.3387,34.2995],[129.2982,34.2847],[129.3058,34.306],[129.2792,34.3059],[129.2207,34.2977],[129.2274,34.3191],[129.2035,34.331],[129.1951,34.3123],[129.1953,34.2689],[129.1842,34.2465],[129.174,34.1496],[129.1674,34.1387],[129.1961,34.1058],[129.2166,34.1003],[129.2134,34.0839]]],[[[129.3592,34.2712],[129.3914,34.2959],[129.3862,34.3037],[129.3576,34.2991],[129.3474,34.2847],[129.3592,34.2712]]],[[[129.7159,33.7044],[129.7316,33.7375],[129.7784,33.7409],[129.7885,33.7633],[129.7626,33.7833],[129.7667,33.8459],[129.7242,33.8501],[129.6982,33.8611],[129.6711,33.8374],[129.6843,33.8062],[129.6494,33.8065],[129.6557,33.7798],[129.6464,33.7519],[129.6714,33.7533],[129.6859,33.7412],[129.6768,33.7279],[129.6921,33.7122],[129.7159,33.7044]]],[[[128.9402,32.7997],[128.9509,32.817],[128.9625,32.8531],[128.9411,32.8585],[128.8932,32.8783],[128.8884,32.866],[128.9386,32.8221],[128.9402,32.7997]]],[[[128.8655,32.7635],[128.882,32.7653],[128.9047,32.7965],[128.8992,32.8217],[128.8823,32.8338],[128.8385,32.8303],[128.8364,32.7875],[128.8655,32.7635]]],[[[128.772,32.5745],[128.7921,32.5931],[128.7851,32.609],[128.7688,32.6209],[128.7676,32.643],[128.8082,32.6549],[128.8184,32.6366],[128.8687,32.6441],[128.8917,32.6414],[128.8808,32.6699],[128.8529,32.6883],[128.8384,32.7134],[128.8463,32.7527],[128.825,32.7607],[128.7929,32.7854],[128.775,32.7781],[128.7644,32.7601],[128.7468,32.7507],[128.692,32.7394],[128.6961,32.7665],[128.6799,32.7789],[128.6502,32.7754],[128.6403,32.7608],[128.651,32.7456],[128.6451,32.721],[128.6517,32.684],[128.6642,32.6603],[128.6353,32.6336],[128.6214,32.6347],[128.5977,32.6141],[128.6276,32.6061],[128.6516,32.5909],[128.6665,32.6082],[128.6883,32.6026],[128.7377,32.6057],[128.7523,32.5783],[128.772,32.5745]]],[[[128.6218,32.6375],[128.6395,32.6639],[128.6272,32.6768],[128.6151,32.6569],[128.6218,32.6375]]],[[[129.6087,33.0227],[129.6329,33.0506],[129.6089,33.0628],[129.591,33.0455],[129.5878,33.0269],[129.6087,33.0227]]],[[[129.5616,33.0007],[129.583,33.0135],[129.5838,33.0269],[129.5605,33.0299],[129.5616,33.0007]]],[[[129.2339,32.9889],[129.2496,32.9969],[129.2468,33.0229],[129.2241,33.0032],[129.2339,32.9889]]],[[[129.6109,32.9162],[129.6218,32.938],[129.6012,32.94],[129.5977,32.9231],[129.6109,32.9162]]],[[[129.0496,33.1834],[129.0804,33.2105],[129.0413,33.2081],[129.0275,33.1995],[129.0496,33.1834]]],[[[129.1315,33.1592],[129.1304,33.1853],[129.1379,33.1935],[129.122,33.2137],[129.119,33.1776],[129.1315,33.1592]]],[[[129.0585,32.8169],[129.0677,32.8281],[129.0608,32.8485],[129.0663,32.8633],[129.0981,32.8599],[129.0811,32.8965],[129.1096,32.9384],[129.1416,32.9399],[129.1502,32.9574],[129.1799,32.9706],[129.1686,33.0032],[129.1455,33.0032],[129.1299,32.9905],[129.0963,32.9813],[129.0891,33.0179],[129.0972,33.0259],[129.1059,33.0869],[129.0842,33.0745],[129.0802,33.0583],[129.0875,33.0255],[129.0684,33.0202],[129.0652,33.0435],[129.0473,33.0355],[129.0411,32.993],[129.0566,32.9808],[128.9955,32.9652],[129.0061,32.9405],[129.0442,32.9229],[129.0384,32.8986],[129.0553,32.8907],[129.048,32.8747],[129.0437,32.8215],[129.0585,32.8169]]],[[[129.0259,32.8443],[129.0266,32.8853],[129.0317,32.8955],[129.0129,32.9248],[128.9807,32.9041],[128.9603,32.9033],[128.9684,32.8829],[128.9864,32.8667],[129.0126,32.8681],[129.0259,32.8443]]],[[[128.9616,32.9048],[128.9672,32.9299],[128.9298,32.9199],[128.9364,32.91],[128.9616,32.9048]]]]},"properties":{"pref":"42"}},
{"type":"Feature","geometry":{"type":"MultiPolygon","coordinates":[[[[130.608,32.7154],[130.5664,32.6988],[130.5355,32.6647],[130.4986,32.6537],[130.4593,32.633],[130.4504,32.6231],[130.466,32.6051],[130.4864,32.6125],[130.5604,32.6248],[130.5757,32.6211],[130.615,32.6313],[130.6555,32.6345],[130.6532,32.6129],[130.6295,32.6225],[130.632,32.602],[130.6083,32.5934],[130.5826,32.5687],[130.5615,32.5377],[130.5365,32.5252],[130.5624,32.5124],[130.5618,32.4984],[130.5415,32.4953],[130.5471,32.4771],[130.5689,32.4753],[130.564,32.4559],[130.5732,32.4341],[130.5464,32.4221],[130.537,32.4101],[130.5114,32.3906],[130.4804,32.3412],[130.4703,32.3173],[130.4794,32.2887],[130.463,32.2765],[130.4342,32.2685],[130.424,32.2504],[130.4326,32.2293],[130.4016,32.2353],[130.3722,32.2035],[130.3788,32.1939],[130.36,32.1678],[130.3864,32.1456],[130.4035,32.1197],[130.4284,32.1139],[130.4748,32.1221],[130.5046,32.1405],[130.5386,32.137],[130.5414,32.1493],[130.5814,32.1546],[130.5954,32.1768],[130.5908,32.1859],[130.6098,32.1863],[130.6218,32.1558],[130.6507,32.1511],[130.6541,32.1355],[130.7013,32.1057],[130.7197,32.1006],[130.7343,32.1087],[130.7528,32.1032],[130.8104,32.0983],[130.8386,32.1067],[130.8565,32.0995],[130.8774,32.1209],[130.9125,32.1306],[130.9328,32.1162],[130.9724,32.1211],[130.9722,32.1337],[130.9916,32.1576],[131.0025,32.1693],[131.0368,32.1699],[131.0583,32.1553],[131.0711,32.1601],[131.0963,32.1528],[131.1081,32.1599],[131.1012,32.1743],[131.0997,32.2014],[131.0827,32.2071],[131.0682,32.2251],[131.0687,32.2367],[131.0462,32.244],[131.0503,32.2863],[131.0712,32.2802],[131.1002,32.3115],[131.1105,32.3285],[131.102,32.3418],[131.0735,32.3575],[131.0782,32.3733],[131.0665,32.4074],[131.0456,32.4077],[131.019,32.4395],[131.0134,32.4629],[131.0062,32.4925],[131.0098,32.5155],[131.0249,32.5209],[131.0186,32.5491],[131.039,32.5565],[131.0427,32.5825],[131.0537,32.5877],[131.1041,32.5795],[131.1193,32.6057],[131.114,32.6388],[131.1497,32.6793],[131.1727,32.6853],[131.1788,32.7111],[131.1937,32.7247],[131.2118,32.7289],[131.2342,32.7442],[131.2334,32.7533],[131.2444,32.7713],[131.2468,32.8006],[131.2649,32.8262],[131.3227,32.8287],[131.3286,32.8329],[131.3093,32.8527],[131.2927,32.8583],[131.2632,32.8791],[131.2529,32.9085],[131.2454,32.9605],[131.2628,32.9762],[131.2256,33.0194],[131.2145,33.055],[131.1958,33.0711],[131.1921,33.0777],[131.1736,33.0834],[131.1724,33.1045],[131.1597,33.1409],[131.1178,33.1699],[131.1104,33.1831],[131.0812,33.1888],[131.0383,33.1943],[131.0133,33.1772],[130.9916,33.1833],[130.9776,33.1405],[131.0174,33.094],[131.0104,33.072],[131.0106,33.0426],[130.9973,33.0281],[130.9693,33.0237],[130.9491,33.0509],[130.915,33.0541],[130.8962,33.0659],[130.8863,33.0865],[130.8612,33.0953],[130.8449,33.0921],[130.8389,33.1039],[130.7921,33.1229],[130.7708,33.1245],[130.7221,33.1517],[130.6668,33.1571],[130.6676,33.1381],[130.6548,33.1085],[130.6326,33.1132],[130.6091,33.1093],[130.5797,33.1157],[130.5609,33.104],[130.565,33.0872],[130.5411,33.0821],[130.5307,33.0643],[130.5175,33.0654],[130.4942,33.0494],[130.5151,33.0121],[130.5036,33.0045],[130.4132,33.0029],[130.429,32.9873],[130.4372,32.9421],[130.4388,32.9207],[130.4562,32.905],[130.4755,32.9049],[130.5268,32.8782],[130.5229,32.8517],[130.564,32.8419],[130.5707,32.8486],[130.6007,32.8106],[130.6062,32.7895],[130.5989,32.7723],[130.6075,32.7457],[130.608,32.7154]]],[[[130.4223,32.5461],[130.446,32.5568],[130.444,32.592],[130.4571,32.6141],[130.4406,32.6255],[130.4118,32.6084],[130.3931,32.5865],[130.4152,32.5813],[130.4033,32.5523],[130.4223,32.5461]]],[[[130.4638,32.5398],[130.486,32.5712],[130.4739,32.5865],[130.4602,32.5722],[130.4638,32.5398]]],[[[130.3898,32.5014],[130.3885,32.514],[130.3631,32.5229],[130.317,32.5174],[130.2876,32.4868],[130.2578,32.4787],[130.2468,32.4679],[130.2039,32.451],[130.2033,32.4802],[130.1921,32.4969],[130.1969,32.5103],[130.185,32.5476],[130.1594,32.55],[130.117,32.5435],[130.0632,32.5156],[130.0434,32.5124],[130.0457,32.4895],[130.0355,32.4643],[130.0172,32.4391],[130.0058,32.4278],[129.99,32.3754],[129.9745,32.3535],[129.9765,32.3297],[129.9929,32.321],[129.9943,32.3065],[130.0389,32.3137],[130.0442,32.2979],[130.0117,32.2987],[129.9917,32.2815],[129.9674,32.2427],[129.983,32.246],[130.0126,32.2313],[129.9968,32.2166],[130.0214,32.1926],[130.0375,32.2087],[130.0726,32.2107],[130.101,32.2369],[130.1218,32.2781],[130.1364,32.2909],[130.1398,32.3086],[130.1811,32.3112],[130.2082,32.3362],[130.2107,32.3575],[130.2236,32.3692],[130.2179,32.3915],[130.1974,32.4051],[130.2188,32.4239],[130.2794,32.4012],[130.3077,32.3962],[130.3414,32.4066],[130.3533,32.4048],[130.3502,32.4023],[130.3463,32.3981],[130.3831,32.3876],[130.398,32.3955],[130.4126,32.4217],[130.4079,32.4353],[130.4278,32.4555],[130.4388,32.4893],[130.4564,32.5185],[130.4415,32.5277],[130.4277,32.5165],[130.403,32.5143],[130.3898,32.5014]]],[[[130.487,32.5763],[130.5099,32.5942],[130.5077,32.6067],[130.4877,32.6089],[130.487,32.5763]]],[[[130.3091,32.3391],[130.3397,32.3519],[130.3125,32.3648],[130.3015,32.3506],[130.3091,32.3391]]],[[[130.3017,32.3039],[130.3284,32.3047],[130.3441,32.3127],[130.3718,32.3418],[130.3546,32.3517],[130.3205,32.3169],[130.3017,32.3039]]]]},"properties":{"pref":"43"}},
{"type":"Feature","geometry":{"type":"MultiPolygon","coordinates":[[[[131.5172,33.2652],[131.5072,33.276],[131.4957,33.3461],[131.4988,33.3605],[131.5354,33.3662],[131.5508,33.3497],[131.5861,33.3463],[131.5962,33.3709],[131.6163,33.3719],[131.6435,33.3757],[131.6487,33.3845],[131.6304,33.4094],[131.6346,33.4233],[131.6703,33.4185],[131.6866,33.4061],[131.7024,33.4071],[131.718,33.4479],[131.7339,33.4703],[131.7374,33.4952],[131.7315,33.5161],[131.7421,33.5427],[131.7294,33.5865],[131.7006,33.6129],[131.6913,33.6408],[131.6817,33.6396],[131.6601,33.6699],[131.6523,33.6642],[131.6296,33.6818],[131.6153,33.6749],[131.5846,33.6925],[131.5439,33.6767],[131.4981,33.6699],[131.4937,33.6435],[131.4232,33.5917],[131.4252,33.5733],[131.3637,33.5764],[131.3388,33.5713],[131.3328,33.5812],[131.2782,33.5807],[131.2445,33.6111],[131.237,33.6017],[131.2131,33.6053],[131.2084,33.6157],[131.1845,33.6162],[131.1719,33.5883],[131.1891,33.5619],[131.1872,33.5462],[131.1657,33.5284],[131.1626,33.5082],[131.1293,33.5021],[131.106,33.5075],[131.0667,33.509],[131.0356,33.5182],[131.015,33.5098],[130.9891,33.5091],[130.9808,33.5077],[130.9491,33.4876],[130.9254,33.4779],[130.9254,33.4575],[130.8993,33.4491],[130.8909,33.4299],[130.8855,33.3798],[130.859,33.373],[130.8609,33.3628],[130.8345,33.3435],[130.8499,33.3365],[130.8654,33.2929],[130.8517,33.2782],[130.8597,33.2673],[130.824,33.2533],[130.8293,33.2346],[130.8577,33.2298],[130.8357,33.2114],[130.8626,33.1936],[130.8865,33.1867],[130.8736,33.1668],[130.8639,33.1251],[130.8389,33.1039],[130.8449,33.0921],[130.8612,33.0953],[130.8863,33.0865],[130.8962,33.0659],[130.915,33.0541],[130.9491,33.0509],[130.9693,33.0237],[130.9973,33.0281],[131.0106,33.0426],[131.0104,33.072],[131.0174,33.094],[130.9776,33.1405],[130.9916,33.1833],[131.0133,33.1772],[131.0383,33.1943],[131.0812,33.1888],[131.1104,33.1831],[131.1178,33.1699],[131.1597,33.1409],[131.1724,33.1045],[131.1736,33.0834],[131.1921,33.0777],[131.1958,33.0711],[131.2145,33.055],[131.2256,33.0194],[131.2628,32.9762],[131.2454,32.9605],[131.2529,32.9085],[131.2632,32.8791],[131.2927,32.8583],[131.3093,32.8527],[131.3286,32.8329],[131.3461,32.8279],[131.359,32.8039],[131.4012,32.8133],[131.4204,32.8117],[131.4375,32.8285],[131.4744,32.8371],[131.4858,32.8214],[131.5168,32.8003],[131.5077,32.774],[131.5366,32.7585],[131.5692,32.755],[131.5916,32.7751],[131.6514,32.771],[131.6682,32.7667],[131.712,32.7739],[131.7287,32.7996],[131.7368,32.8329],[131.7693,32.8365],[131.793,32.8219],[131.8238,32.8297],[131.8343,32.8195],[131.8579,32.8213],[131.8586,32.8051],[131.8439,32.7751],[131.8471,32.7361],[131.8851,32.7457],[131.8739,32.7906],[131.8895,32.8047],[131.9069,32.7937],[131.945,32.7925],[131.9464,32.8059],[131.9712,32.8036],[132.0077,32.8285],[131.9591,32.8275],[131.9601,32.8464],[131.9838,32.8625],[132,32.885],[131.9849,32.8903],[131.9827,32.9135],[132.0093,32.9068],[132.0096,32.9251],[132.0272,32.9358],[132.0783,32.9314],[132.0799,32.9439],[132.0431,32.9472],[132.0059,32.9351],[131.9584,32.9457],[131.9256,32.9723],[131.896,32.98],[131.9077,33.0001],[131.9007,33.0103],[131.9219,33.0267],[131.9206,33.0445],[131.9425,33.0537],[131.9766,33.0465],[132.0052,33.0611],[132.0018,33.0698],[131.9728,33.0619],[131.9648,33.0728],[131.9116,33.0664],[131.8953,33.076],[131.8626,33.0753],[131.8551,33.0855],[131.9102,33.1264],[131.8832,33.1219],[131.8609,33.1279],[131.8402,33.1149],[131.8116,33.1211],[131.8047,33.1305],[131.8214,33.1483],[131.8337,33.182],[131.8484,33.188],[131.8757,33.2232],[131.8713,33.2361],[131.889,33.2441],[131.903,33.2635],[131.8905,33.2681],[131.8665,33.2583],[131.8094,33.243],[131.7468,33.2483],[131.6907,33.2792],[131.6142,33.2617],[131.586,33.2462],[131.5172,33.2652]]],[[[131.6326,33.7165],[131.6646,33.7169],[131.6877,33.7305],[131.6659,33.7398],[131.6423,33.7321],[131.6326,33.7165]]]]},"properties":{"pref":"44"}},
{"type":"Feature","geometry":{"type":"Polygon","coordinates":[[[131.5007,32.0339],[131.5194,32.0869],[131.5394,32.1322],[131.5429,32.1571],[131.5614,32.2145],[131.5725,32.2377],[131.5744,32.2577],[131.5919,32.3065],[131.616,32.34],[131.642,32.407],[131.6628,32.4108],[131.6812,32.4352],[131.6559,32.447],[131.6496,32.4573],[131.6583,32.4826],[131.6873,32.4689],[131.7148,32.4819],[131.7272,32.4965],[131.7094,32.5032],[131.712,32.516],[131.6829,32.5164],[131.6828,32.5444],[131.7081,32.5865],[131.7418,32.5923],[131.7536,32.6017],[131.7724,32.6339],[131.7627,32.6585],[131.8152,32.6877],[131.8259,32.7063],[131.8452,32.7118],[131.8588,32.7331],[131.8851,32.7457],[131.8471,32.7361],[131.8439,32.7751],[131.8586,32.8051],[131.8579,32.8213],[131.8343,32.8195],[131.8238,32.8297],[131.793,32.8219],[131.7693,32.8365],[131.7368,32.8329],[131.7287,32.7996],[131.712,32.7739],[131.6682,32.7667],[131.6514,32.771],[131.5916,32.7751],[131.5692,32.755],[131.5366,32.7585],[131.5077,32.774],[131.5168,32.8003],[131.4858,32.8214],[131.4744,32.8371],[131.4375,32.8285],[131.4204,32.8117],[131.4012,32.8133],[131.359,32.8039],[131.3461,32.8279],[131.3286,32.8329],[131.3227,32.8287],[131.2649,32.8262],[131.2468,32.8006],[131.2444,32.7713],[131.2334,32.7533],[131.2342,32.7442],[131.2118,32.7289],[131.1937,32.7247],[131.1788,32.7111],[131.1727,32.6853],[131.1497,32.6793],[131.114,32.6388],[131.1193,32.6057],[131.1041,32.5795],[131.0537,32.5877],[131.0427,32.5825],[131.039,32.5565],[131.0186,32.5491],[131.0249,32.5209],[131.0098,32.5155],[131.0062,32.4925],[131.0134,32.4629],[131.019,32.4395],[131.0456,32.4077],[131.0665,32.4074],[131.0782,32.3733],[131.0735,32.3575],[131.102,32.3418],[131.1105,32.3285],[131.1002,32.3115],[131.0712,32.2802],[131.0503,32.2863],[131.0462,32.244],[131.0687,32.2367],[131.0682,32.2251],[131.0827,32.2071],[131.0997,32.2014],[131.1012,32.1743],[131.1081,32.1599],[131.0963,32.1528],[131.0711,32.1601],[131.0583,32.1553],[131.0368,32.1699],[131.0025,32.1693],[130.9916,32.1576],[130.9722,32.1337],[130.9724,32.1211],[130.9328,32.1162],[130.9125,32.1306],[130.8774,32.1209],[130.8565,32.0995],[130.8386,32.1067],[130.8104,32.0983],[130.7528,32.1032],[130.7343,32.1087],[130.7197,32.1006],[130.7036,32.0784],[130.7025,32.0582],[130.7348,32.0479],[130.7774,32.0139],[130.7836,31.9786],[130.7941,31.9721],[130.8155,31.941],[130.8393,31.9424],[130.8605,31.9337],[130.8817,31.9199],[130.8974,31.8868],[130.913,31.8857],[130.8935,31.8763],[130.8761,31.8154],[130.8835,31.8052],[130.9149,31.8044],[130.9311,31.7854],[130.99,31.7747],[130.9797,31.751],[131.0165,31.7445],[131.0129,31.7115],[131.0233,31.6921],[131.0251,31.6662],[131.0455,31.6511],[131.0563,31.6339],[131.0783,31.6597],[131.1276,31.6263],[131.1632,31.637],[131.1691,31.6332],[131.1886,31.6219],[131.1851,31.6093],[131.2038,31.5785],[131.196,31.5488],[131.1986,31.5143],[131.176,31.5045],[131.1631,31.4846],[131.1595,31.4616],[131.1698,31.4525],[131.2035,31.4535],[131.2255,31.4317],[131.2411,31.4267],[131.2359,31.4043],[131.255,31.3802],[131.283,31.3821],[131.3086,31.3903],[131.3176,31.3685],[131.3366,31.3607],[131.3488,31.3718],[131.3332,31.3819],[131.3436,31.4124],[131.3707,31.4307],[131.3617,31.4699],[131.388,31.4847],[131.3824,31.4937],[131.3722,31.5068],[131.3845,31.5197],[131.3811,31.5552],[131.3956,31.5575],[131.3993,31.5783],[131.4235,31.6089],[131.4474,31.6184],[131.4614,31.632],[131.4603,31.6688],[131.4495,31.6798],[131.4575,31.7093],[131.4674,31.7209],[131.464,31.7349],[131.4817,31.7857],[131.4537,31.8181],[131.4539,31.8695],[131.4616,31.9058],[131.483,31.9801],[131.5007,32.0339]]]},"properties":{"pref":"45"}},
{"type":"Feature","geometry":{"type":"MultiPolygon","coordinates":[[[[130.6105,31.6726],[130.6151,31.6995],[130.6593,31.7283],[130.6712,31.7277],[130.6867,31.735],[130.7162,31.7243],[130.7302,31.7093],[130.7939,31.7018],[130.8115,31.6819],[130.8219,31.656],[130.8001,31.6317],[130.7851,31.6011],[130.7864,31.5865],[130.7642,31.5623],[130.748,31.5578],[130.7057,31.5569],[130.7149,31.5748],[130.7157,31.6029],[130.6952,31.6248],[130.6598,31.6261],[130.627,31.621],[130.5912,31.5899],[130.6361,31.5459],[130.6661,31.5529],[130.6763,31.5449],[130.6974,31.5553],[130.7055,31.5426],[130.6976,31.5287],[130.6938,31.4864],[130.6976,31.4629],[130.7274,31.4519],[130.7593,31.4137],[130.7778,31.3713],[130.8018,31.3365],[130.7895,31.3045],[130.7922,31.2955],[130.7853,31.2467],[130.7669,31.2249],[130.7529,31.2103],[130.7655,31.1796],[130.747,31.1398],[130.731,31.1175],[130.713,31.1145],[130.6583,31.0707],[130.676,31.0627],[130.6686,31.0087],[130.7074,31.0308],[130.7169,31.0451],[130.7438,31.059],[130.7754,31.0661],[130.7925,31.0817],[130.8334,31.0927],[130.8472,31.0889],[130.8718,31.0948],[130.9002,31.1129],[130.9598,31.1372],[130.978,31.1525],[130.9731,31.1669],[131.0018,31.1901],[131.0063,31.2159],[131.0162,31.2278],[131.0478,31.2243],[131.0659,31.2281],[131.0862,31.2495],[131.108,31.2603],[131.1054,31.2754],[131.0749,31.2808],[131.073,31.2915],[131.1036,31.3118],[131.1039,31.3277],[131.0147,31.3585],[131.0199,31.3946],[131.0355,31.4199],[131.0605,31.4451],[131.1117,31.4731],[131.1595,31.4616],[131.1631,31.4846],[131.176,31.5045],[131.1986,31.5143],[131.196,31.5488],[131.2038,31.5785],[131.1851,31.6093],[131.1886,31.6219],[131.1691,31.6332],[131.1632,31.637],[131.1276,31.6263],[131.0783,31.6597],[131.0563,31.6339],[131.0455,31.6511],[131.0251,31.6662],[131.0233,31.6921],[131.0129,31.7115],[131.0165,31.7445],[130.9797,31.751],[130.99,31.7747],[130.9311,31.7854],[130.9149,31.8044],[130.8835,31.8052],[130.8761,31.8154],[130.8935,31.8763],[130.913,31.8857],[130.8974,31.8868],[130.8817,31.9199],[130.8605,31.9337],[130.8393,31.9424],[130.8155,31.941],[130.7941,31.9721],[130.7836,31.9786],[130.7774,32.0139],[130.7348,32.0479],[130.7025,32.0582],[130.7036,32.0784],[130.7197,32.1006],[130.7013,32.1057],[130.6541,32.1355],[130.6507,32.1511],[130.6218,32.1558],[130.6098,32.1863],[130.5908,32.1859],[130.5954,32.1768],[130.5814,32.1546],[130.5414,32.1493],[130.5386,32.137],[130.5046,32.1405],[130.4748,32.1221],[130.4284,32.1139],[130.4035,32.1197],[130.3864,32.1456],[130.36,32.1678],[130.3622,32.1511],[130.3514,32.1358],[130.3081,32.108],[130.2845,32.1087],[130.2725,32.1259],[130.2324,32.1278],[130.2092,32.1244],[130.1746,32.1045],[130.1716,32.0777],[130.1924,32.0839],[130.2035,32.0693],[130.2027,32.0407],[130.1793,31.9983],[130.2,31.9861],[130.2092,31.9693],[130.2192,31.9283],[130.2231,31.9115],[130.2082,31.8709],[130.1935,31.8428],[130.1724,31.8145],[130.166,31.7938],[130.1796,31.7788],[130.1875,31.7579],[130.2125,31.7553],[130.2361,31.7345],[130.2518,31.7309],[130.2619,31.7081],[130.2738,31.7059],[130.2979,31.671],[130.3147,31.6583],[130.3268,31.6335],[130.3338,31.5865],[130.3317,31.5552],[130.3213,31.5119],[130.3121,31.4905],[130.2903,31.4495],[130.2716,31.4259],[130.2245,31.4019],[130.1857,31.4101],[130.1577,31.4397],[130.1343,31.4165],[130.1452,31.394],[130.1893,31.3545],[130.2072,31.3486],[130.19,31.3157],[130.2139,31.3199],[130.2245,31.3045],[130.2018,31.2961],[130.215,31.271],[130.2152,31.2511],[130.2612,31.2559],[130.2819,31.2659],[130.3071,31.2665],[130.3151,31.2569],[130.3677,31.2517],[130.4112,31.2517],[130.433,31.2461],[130.4451,31.2525],[130.4814,31.2396],[130.5075,31.2131],[130.5143,31.1973],[130.5057,31.1775],[130.5197,31.1651],[130.5413,31.1675],[130.5543,31.1781],[130.5871,31.1699],[130.6059,31.1829],[130.6264,31.1815],[130.6549,31.2177],[130.6486,31.2417],[130.6581,31.2707],[130.6218,31.2755],[130.5832,31.3041],[130.5615,31.3292],[130.5451,31.3766],[130.5245,31.4137],[130.5146,31.464],[130.5322,31.5069],[130.5415,31.5393],[130.5579,31.5463],[130.5694,31.5807],[130.5607,31.5957],[130.5767,31.6169],[130.6014,31.6315],[130.6037,31.6465],[130.618,31.6565],[130.6105,31.6726]]],[[[130.9483,30.6352],[130.9502,30.5865],[130.9289,30.5439],[130.9028,30.5032],[130.8804,30.4813],[130.8512,30.4467],[130.8632,30.4199],[130.8645,30.3937],[130.8568,30.3694],[130.8713,30.3444],[130.8833,30.344],[130.9028,30.363],[130.962,30.3831],[130.9709,30.4085],[130.9681,30.4245],[130.9769,30.4383],[130.9624,30.4522],[130.9619,30.4797],[130.9749,30.4937],[130.9823,30.5207],[130.9968,30.5441],[131.0129,30.5484],[131.0313,30.5666],[131.032,30.587],[131.0541,30.6057],[131.0576,30.6416],[131.0489,30.6469],[131.0551,30.6699],[131.0775,30.6969],[131.0725,30.7209],[131.071,30.7636],[131.0807,30.7784],[131.0704,30.7984],[131.0601,30.8351],[131.0314,30.8229],[131.0301,30.8125],[131.0022,30.7837],[131.0076,30.7711],[131,30.7475],[130.9788,30.7256],[130.9721,30.7073],[130.9397,30.6699],[130.9483,30.6352]]],[[[130.8508,30.7253],[130.8663,30.7415],[130.8558,30.7649],[130.8409,30.7501],[130.8362,30.7269],[130.8508,30.7253]]],[[[129.8713,31.8006],[129.9067,31.8206],[129.9266,31.8213],[129.9282,31.8594],[129.9094,31.8428],[129.8798,31.8589],[129.8606,31.8786],[129.8345,31.8821],[129.8169,31.8613],[129.8203,31.8437],[129.862,31.8343],[129.8718,31.8207],[129.8713,31.8006]]],[[[129.8277,31.7747],[129.8249,31.7897],[129.8406,31.8004],[129.8381,31.8189],[129.8198,31.8127],[129.8162,31.7787],[129.8277,31.7747]]],[[[129.7129,31.6216],[129.7186,31.6387],[129.7371,31.6552],[129.7242,31.6699],[129.7424,31.6869],[129.7377,31.7044],[129.7468,31.7159],[129.7687,31.7135],[129.7791,31.7369],[129.7468,31.7377],[129.7064,31.7231],[129.6899,31.7001],[129.6811,31.6716],[129.6571,31.6585],[129.6653,31.6386],[129.6828,31.6241],[129.7129,31.6216]]],[[[129.6453,28.4334],[129.6369,28.4156],[129.6194,28.45],[129.6047,28.4533],[129.612,28.4766],[129.5783,28.4671],[129.5606,28.4485],[129.5401,28.4591],[129.5171,28.4402],[129.5069,28.3963],[129.4881,28.4119],[129.4663,28.402],[129.4419,28.3823],[129.4257,28.3883],[129.3938,28.3845],[129.3657,28.3541],[129.3373,28.3671],[129.3027,28.3293],[129.2574,28.3233],[129.2271,28.3097],[129.2153,28.2976],[129.2487,28.2745],[129.2243,28.2726],[129.214,28.2563],[129.1836,28.2628],[129.1637,28.2547],[129.134,28.2541],[129.1511,28.2363],[129.1711,28.2393],[129.2107,28.2186],[129.2395,28.2173],[129.2748,28.2321],[129.2845,28.222],[129.2643,28.1936],[129.2728,28.1814],[129.289,28.1889],[129.2994,28.1494],[129.3318,28.1292],[129.3434,28.1377],[129.3669,28.1281],[129.3639,28.1499],[129.3382,28.1647],[129.3489,28.1737],[129.4029,28.1575],[129.4075,28.1829],[129.4286,28.1929],[129.4655,28.2126],[129.4545,28.2321],[129.4306,28.2383],[129.458,28.2649],[129.4546,28.2929],[129.4945,28.2957],[129.5352,28.3061],[129.5354,28.3299],[129.5606,28.3325],[129.5697,28.3449],[129.6102,28.3955],[129.6327,28.4057],[129.6641,28.3977],[129.6677,28.4077],[129.708,28.4207],[129.7211,28.4581],[129.7174,28.4746],[129.7034,28.4764],[129.6893,28.5032],[129.6879,28.5298],[129.6748,28.5256],[129.656,28.4995],[129.6449,28.4977],[129.6731,28.461],[129.6453,28.4334]]],[[[129.9299,30.8118],[129.9627,30.8291],[129.9407,30.8454],[129.9239,30.8489],[129.9124,30.8385],[129.9126,30.8209],[129.9299,30.8118]]],[[[130.2773,30.7723],[130.313,30.7807],[130.3197,30.7954],[130.3016,30.8079],[130.261,30.7815],[130.2773,30.7723]]],[[[129.9308,29.949],[129.9421,29.968],[129.9207,29.9907],[129.9039,29.9851],[129.904,29.9639],[129.9308,29.949]]],[[[129.8718,29.8161],[129.9161,29.8244],[129.894,29.8447],[129.8873,29.8693],[129.8494,29.8826],[129.8341,29.8635],[129.8399,29.8445],[129.8718,29.8161]]],[[[129.7059,29.6022],[129.7373,29.6372],[129.7418,29.6692],[129.7198,29.6697],[129.6845,29.6537],[129.6869,29.6286],[129.6965,29.6031],[129.7059,29.6022]]],[[[129.6036,29.4445],[129.6188,29.4511],[129.6081,29.4717],[129.593,29.4763],[129.5835,29.4619],[129.6036,29.4445]]],[[[129.2197,29.1267],[129.2189,29.1575],[129.1865,29.1514],[129.2197,29.1267]]],[[[130.2142,32.2503],[130.2255,32.262],[130.2468,32.2674],[130.2658,32.2961],[130.2488,32.3042],[130.2211,32.2933],[130.2131,32.2819],[130.2142,32.2503]]],[[[130.1578,32.0898],[130.1748,32.1129],[130.1787,32.1371],[130.2086,32.1556],[130.186,32.168],[130.1903,32.198],[130.1754,32.2211],[130.1205,32.2122],[130.1074,32.1993],[130.0987,32.1746],[130.1149,32.1565],[130.1107,32.1258],[130.1578,32.0898]]],[[[130.2095,30.4215],[130.2289,30.4269],[130.2621,30.4474],[130.2338,30.4689],[130.1989,30.4821],[130.1541,30.4848],[130.1689,30.4568],[130.188,30.4518],[130.2095,30.4215]]],[[[130.5216,30.2263],[130.5716,30.2361],[130.602,30.2511],[130.6572,30.3066],[130.6615,30.3171],[130.6692,30.3767],[130.6362,30.401],[130.5973,30.4102],[130.5687,30.4332],[130.5094,30.4554],[130.4993,30.4523],[130.4691,30.4607],[130.4626,30.4358],[130.4509,30.4321],[130.4164,30.3954],[130.3795,30.3929],[130.3759,30.3725],[130.3929,30.318],[130.4025,30.3151],[130.4207,30.2656],[130.4355,30.2403],[130.4935,30.2269],[130.5216,30.2263]]],[[[129.2073,28.2821],[129.2124,28.2961],[129.1834,28.3053],[129.1778,28.2964],[129.2073,28.2821]]],[[[129.3174,28.0615],[129.3382,28.0754],[129.3519,28.1079],[129.3248,28.1089],[129.3013,28.121],[129.2813,28.1219],[129.2602,28.1335],[129.249,28.1519],[129.2738,28.151],[129.2684,28.1671],[129.2423,28.1505],[129.202,28.1807],[129.2077,28.2003],[129.1745,28.1868],[129.1852,28.1595],[129.2021,28.1427],[129.2292,28.0893],[129.2518,28.1104],[129.2604,28.0792],[129.2839,28.0624],[129.2848,28.0841],[129.3211,28.0952],[129.3174,28.0615]]],[[[129.1481,28.0133],[129.1645,28.0221],[129.1663,28.0673],[129.1494,28.0489],[129.1439,28.026],[129.1481,28.0133]]],[[[129.2569,28.0051],[129.2669,28.0144],[129.2642,28.0369],[129.2353,28.0305],[129.2146,28.0541],[129.2052,28.0331],[129.2144,28.0199],[129.2325,28.0233],[129.2569,28.0051]]],[[[129.9445,28.2739],[129.9767,28.2872],[130.0075,28.3364],[130.0332,28.3565],[130.0181,28.3775],[129.9968,28.3659],[129.9721,28.3416],[129.9298,28.3252],[129.9128,28.3104],[129.9154,28.2951],[129.9294,28.2909],[129.9445,28.2739]]],[[[128.9069,27.8919],[128.8887,27.8811],[128.8923,27.859],[128.8804,27.8459],[128.8781,27.8256],[128.8905,27.8185],[128.8872,27.7919],[128.902,27.7525],[128.8961,27.7337],[128.8811,27.7201],[128.9156,27.6953],[128.9254,27.6651],[128.9364,27.6607],[128.963,27.6699],[128.986,27.6696],[128.997,27.6951],[129.0201,27.7174],[129.0217,27.7383],[129.0368,27.7618],[129.035,27.7713],[128.9968,27.8016],[128.9676,27.8177],[128.9649,27.8397],[128.9747,27.872],[128.9646,27.8919],[128.9252,27.8881],[128.9069,27.8919]]],[[[128.5763,27.4005],[128.5553,27.3953],[128.5349,27.4046],[128.5193,27.3715],[128.5333,27.3448],[128.5563,27.3288],[128.5915,27.3365],[128.6227,27.3615],[128.6346,27.3652],[128.6765,27.4135],[128.7123,27.4344],[128.6895,27.4395],[128.6352,27.4105],[128.6114,27.408],[128.5923,27.3965],[128.5763,27.4005]]],[[[128.4426,27.0186],[128.4558,27.0227],[128.4534,27.0486],[128.4387,27.0651],[128.4182,27.0639],[128.4122,27.0479],[128.3944,27.0445],[128.4205,27.0237],[128.4426,27.0186]]]]},"properties":{"pref":"46"}},
{"type":"Feature","geometry":{"type":"MultiPolygon","coordinates":[[[[127.6737,26.2455],[127.6676,26.2455],[127.6797,26.2259],[127.6506,26.2171],[127.6354,26.1977],[127.6512,26.1748],[127.6496,26.1498],[127.6674,26.1524],[127.6469,26.1444],[127.6673,26.1249],[127.6577,26.1005],[127.657,26.0817],[127.6764,26.0739],[127.6884,26.0825],[127.7134,26.0865],[127.7304,26.0975],[127.7468,26.1184],[127.7608,26.1253],[127.794,26.1368],[127.8303,26.1683],[127.8212,26.1914],[127.7975,26.1862],[127.7759,26.1886],[127.766,26.2086],[127.7862,26.2311],[127.7994,26.2681],[127.8162,26.2774],[127.8131,26.2894],[127.8277,26.3033],[127.8429,26.3139],[127.8425,26.3347],[127.8624,26.3447],[127.899,26.3047],[127.9202,26.2954],[127.9173,26.3166],[127.8851,26.342],[127.8718,26.3611],[127.8718,26.3847],[127.8398,26.4051],[127.8278,26.4193],[127.8425,26.431],[127.8515,26.4501],[127.885,26.4561],[127.9277,26.4392],[127.9416,26.4407],[127.9455,26.464],[127.9899,26.4753],[128.0011,26.485],[127.9962,26.509],[128.0251,26.5105],[128.0486,26.5247],[128.0498,26.5469],[128.0638,26.5513],[128.088,26.5359],[128.1096,26.5503],[128.1351,26.5541],[128.1435,26.5713],[128.1274,26.592],[128.1502,26.5977],[128.1447,26.6237],[128.1604,26.6289],[128.1842,26.6236],[128.2341,26.6299],[128.2618,26.6587],[128.2633,26.6671],[128.2781,26.6772],[128.3077,26.7305],[128.3258,26.7493],[128.3196,26.7564],[128.3237,26.7829],[128.315,26.8201],[128.2675,26.8596],[128.2561,26.8748],[128.2429,26.8577],[128.2503,26.8386],[128.2208,26.7875],[128.1788,26.7475],[128.1555,26.7425],[128.1534,26.7166],[128.1405,26.7071],[128.117,26.7023],[128.1,26.6779],[128.0952,26.6609],[128.0793,26.6451],[128.0234,26.6265],[128.0061,26.6294],[127.9873,26.6459],[127.9968,26.6901],[127.9647,26.6972],[127.9477,26.7076],[127.917,26.7013],[127.9051,26.6984],[127.8784,26.7085],[127.8725,26.6869],[127.8882,26.6699],[127.8775,26.6403],[127.8989,26.6049],[127.9215,26.6089],[127.9797,26.5865],[127.9753,26.5589],[127.9654,26.548],[127.9279,26.5307],[127.8809,26.5023],[127.8649,26.5089],[127.8381,26.4952],[127.8443,26.4804],[127.8085,26.4587],[127.7968,26.4361],[127.7696,26.4449],[127.7406,26.4217],[127.7224,26.4398],[127.7125,26.4199],[127.7167,26.3995],[127.7386,26.362],[127.7445,26.3419],[127.7458,26.3217],[127.7588,26.3086],[127.7557,26.2944],[127.731,26.281],[127.7241,26.2701],[127.7069,26.273],[127.6838,26.2422],[127.6737,26.2455]]],[[[124.173,24.3279],[124.1883,24.3321],[124.2114,24.3532],[124.2345,24.3434],[124.2465,24.357],[124.2543,24.4114],[124.2468,24.4273],[124.2542,24.4445],[124.2489,24.4651],[124.2777,24.4857],[124.2786,24.5032],[124.3033,24.5259],[124.3004,24.5431],[124.3279,24.5664],[124.3355,24.6027],[124.3081,24.6069],[124.3068,24.5901],[124.2924,24.5668],[124.2789,24.5576],[124.2908,24.5387],[124.2821,24.5325],[124.2712,24.5032],[124.253,24.5175],[124.227,24.4962],[124.2181,24.4527],[124.1889,24.4551],[124.1755,24.4467],[124.1496,24.4519],[124.1343,24.4705],[124.0958,24.4514],[124.0762,24.4463],[124.0664,24.4301],[124.084,24.4199],[124.0988,24.4309],[124.1199,24.4309],[124.1399,24.4111],[124.1378,24.3904],[124.1082,24.3632],[124.1411,24.3484],[124.173,24.3279]]],[[[128.0314,26.6448],[128.0317,26.6585],[128.0188,26.6788],[127.9936,26.6702],[128.0314,26.6448]]],[[[127.9321,26.3311],[127.9584,26.3381],[127.9747,26.3541],[127.9942,26.3621],[127.9862,26.3835],[127.9659,26.3614],[127.9527,26.3557],[127.9321,26.3311]]],[[[125.306,24.7115],[125.3901,24.7286],[125.4446,24.7247],[125.4521,24.7348],[125.4296,24.7608],[125.4002,24.766],[125.3854,24.7841],[125.3526,24.7886],[125.3324,24.7991],[125.3332,24.8218],[125.3111,24.8365],[125.2963,24.8777],[125.2694,24.8843],[125.2943,24.8454],[125.2752,24.8365],[125.2791,24.8114],[125.2552,24.7949],[125.2752,24.7727],[125.2813,24.7509],[125.2604,24.7345],[125.306,24.7115]]],[[[125.1812,24.8113],[125.2149,24.8069],[125.2175,24.8273],[125.2078,24.8459],[125.1772,24.861],[125.155,24.8573],[125.1622,24.8272],[125.1812,24.8113]]],[[[125.1812,24.8113],[125.1564,24.8318],[125.1334,24.8344],[125.1438,24.8069],[125.1615,24.8021],[125.1812,24.8113]]],[[[127.8061,26.7054],[127.8274,26.7096],[127.8296,26.7198],[127.8066,26.7385],[127.7806,26.733],[127.7583,26.737],[127.748,26.7186],[127.7544,26.7091],[127.8061,26.7054]]],[[[127.3476,26.1451],[127.3619,26.1563],[127.3578,26.1814],[127.3703,26.1897],[127.3674,26.2195],[127.3522,26.2246],[127.3384,26.1807],[127.3476,26.1451]]],[[[127.3037,26.2185],[127.3104,26.2375],[127.2946,26.2415],[127.3037,26.2185]]],[[[127.2751,26.1859],[127.2913,26.1946],[127.28,26.2089],[127.264,26.1965],[127.2751,26.1859]]],[[[127.2077,26.5743],[127.2465,26.5865],[127.2356,26.6011],[127.2138,26.59],[127.2077,26.5743]]],[[[127.1451,26.3478],[127.159,26.359],[127.1362,26.364],[127.1451,26.3478]]],[[[131.2306,25.8128],[131.2639,25.8241],[131.2731,25.8552],[131.2628,25.8688],[131.2233,25.8689],[131.2145,25.8221],[131.2306,25.8128]]],[[[131.3058,25.9283],[131.3239,25.9328],[131.3323,25.9519],[131.2855,25.9605],[131.294,25.9342],[131.3058,25.9283]]],[[[127.9339,26.9943],[127.9414,27.0163],[127.9635,27.0227],[127.9703,27.039],[127.9905,27.0447],[127.9968,27.0675],[127.9824,27.071],[127.9493,27.0426],[127.9314,27.0203],[127.9339,26.9943]]],[[[127.9384,26.9106],[127.9527,26.9138],[127.9538,26.9453],[127.9359,26.9547],[127.9152,26.9449],[127.9184,26.9216],[127.9384,26.9106]]],[[[126.7255,26.3461],[126.7463,26.3443],[126.7637,26.3322],[126.7774,26.3057],[126.801,26.2921],[126.8043,26.3252],[126.8214,26.3496],[126.7946,26.3701],[126.778,26.3904],[126.7561,26.3874],[126.7095,26.3695],[126.7255,26.3461]]],[[[124.6906,24.6397],[124.7033,24.6403],[124.7216,24.6553],[124.7202,24.6684],[124.6886,24.6784],[124.6647,24.6615],[124.6683,24.6465],[124.6906,24.6397]]],[[[123.8718,24.2544],[123.8811,24.2798],[123.9028,24.2746],[123.8981,24.3014],[123.9106,24.32],[123.9281,24.3267],[123.926,24.3434],[123.9378,24.3643],[123.9206,24.3659],[123.9056,24.3836],[123.8855,24.383],[123.8792,24.3992],[123.8105,24.4095],[123.7807,24.4365],[123.7698,24.4165],[123.7494,24.4018],[123.7446,24.3875],[123.751,24.3577],[123.7435,24.3411],[123.7454,24.3215],[123.7091,24.3315],[123.6832,24.3313],[123.6836,24.3114],[123.6602,24.3071],[123.6797,24.2819],[123.7172,24.2775],[123.7204,24.2986],[123.7545,24.2787],[123.8053,24.2691],[123.8324,24.2709],[123.8718,24.2544]]],[[[123.9888,24.3229],[123.9915,24.345],[123.9774,24.3527],[123.9608,24.3325],[123.9888,24.3229]]],[[[124.0805,24.3097],[124.0979,24.3181],[124.0911,24.334],[124.073,24.3233],[124.0805,24.3097]]],[[[124.0107,24.2199],[124.0271,24.2319],[124.0272,24.2437],[123.9983,24.2529],[123.9914,24.2368],[124.0107,24.2199]]],[[[123.7908,24.0447],[123.8084,24.0623],[123.7853,24.0706],[123.7525,24.0599],[123.7597,24.0474],[123.7908,24.0447]]],[[[123.0116,24.4372],[123.0437,24.4615],[123.0109,24.4738],[122.9745,24.4677],[122.9625,24.4729],[122.9417,24.4568],[122.94,24.4442],[122.9739,24.4373],[123.0116,24.4372]]]]},"properties":{"pref":"47"}},
{"type":"Feature","geometry":{"type":"Polygon","coordinates":[[[140.2986,30.4723],[140.3142,30.4855],[140.3045,30.4955],[140.2865,30.4827],[140.2986,30.4723]]]},"properties":{"pref":"UN"}}
]}